TIME,TIMECORR,CADENCENO,SAP_FLUX,SAP_FLUX_ERR,SAP_BKG,SAP_BKG_ERR,PDCSAP_FLUX,PDCSAP_FLUX_ERR,SAP_QUALITY,PSF_CENTR1,PSF_CENTR1_ERR,PSF_CENTR2,PSF_CENTR2_ERR,MOM_CENTR1,MOM_CENTR1_ERR,MOM_CENTR2,MOM_CENTR2_ERR,POS_CORR1,POS_CORR2
120.539324297024,0.001171877,568,301556.47,16.621235,5182.2773,2.5096872,312306.2,17.232477,0,,,,,21.843748116407994,8.003933E-5,176.6252580309533,9.335331E-5,0.008549564,0.011386312
120.55975895070151,0.0011729307,569,301525.8,16.620926,5182.727,2.509688,312272.97,17.359955,0,,,,,21.843332240726937,8.005104E-5,176.62468048959715,9.336858E-5,0.008076646,0.010660642
120.58019350437826,0.0011739844,570,301573.5,16.620617,5183.9995,2.5096889,312344.78,17.391773,0,,,,,21.842733578222408,8.0042686E-5,176.62468902062864,9.335362E-5,0.0073409243,0.01066785
120.60062825804926,0.001175038,571,301594.47,16.620308,5176.6934,2.5096898,312342.28,17.31188,0,,,,,21.84216552490017,8.0042846E-5,176.62503936409175,9.334562E-5,0.006817185,0.010874956
120.62106291161035,0.0011760916,572,301612.66,16.619999,5192.6274,2.5096908,312400.38,17.36049,0,,,,,21.841267696065962,8.004136E-5,176.62469497407574,9.333972E-5,0.0056613944,0.0103737535
120.64149746505427,0.001177145,573,301724.16,16.61969,5171.0757,2.5096915,312507.0,17.333565,0,,,,,21.840908875832174,8.001363E-5,176.62503469458755,9.330084E-5,0.005511535,0.011011977
120.66193211849168,0.0011781985,574,301696.44,16.61938,5173.915,2.5096924,312493.97,17.34894,0,,,,,21.840780688348914,8.00202E-5,176.6247698988785,9.330932E-5,0.0050109117,0.010350316
120.68236687193712,0.0011792519,575,301785.16,16.619072,5178.1343,2.5096931,312594.7,17.350077,0,,,,,21.840552526647212,7.999818E-5,176.6246251728409,9.3282586E-5,0.0048875185,0.010365256
120.70280142538104,0.0011803054,576,301800.56,16.618763,5173.3223,2.5096939,312612.72,17.377047,0,,,,,21.84058364197581,7.999475E-5,176.62474228140277,9.327704E-5,0.004783859,0.010194191
120.72323607858561,0.0011813586,577,301767.94,16.618454,5168.0273,2.5096946,312586.34,17.322138,0,,,,,21.840406435644958,7.999953E-5,176.62490091487177,9.327913E-5,0.0044705793,0.010330125
120.74367083191464,0.0011824119,578,301727.72,16.618145,5177.287,2.5096953,312554.6,17.379091,0,,,,,21.840222484711553,8.0015896E-5,176.62420370414236,9.330264E-5,0.0042759697,0.009485014
120.76410538512573,0.0011834651,579,301723.03,16.617836,5177.0317,2.509696,312531.56,17.340237,0,,,,,21.840551372723098,8.001638E-5,176.62457816790726,9.330148E-5,0.0045559043,0.009962632
120.78454003821389,0.0011845182,580,301583.94,16.617527,5178.933,2.5096967,312410.47,17.356308,0,,,,,21.840263230825272,8.005539E-5,176.62413210731907,9.334828E-5,0.004262294,0.009209953
120.80497469130933,0.0011855713,581,301534.56,16.617216,5181.5083,2.5096972,312348.9,17.323175,8192,,,,,21.84044296250478,8.006681E-5,176.6240971482385,9.336258E-5,0.004372358,0.009223455
120.82540934440476,0.0011866244,582,301465.4,16.616909,5183.1504,2.509698,312286.7,17.379915,0,,,,,21.840268825883946,8.0089136E-5,176.6243214617265,9.338452E-5,0.0043553077,0.0094484
120.8458439973765,0.0011876774,583,301390.72,16.6166,5169.612,2.5096984,312215.06,17.333122,0,,,,,21.84047734595959,8.010249E-5,176.62398690204878,9.340407E-5,0.004353089,0.0088417465
120.86627865035553,0.0011887304,584,301360.53,16.616291,5178.7607,2.509699,312165.6,17.341978,0,,,,,21.840733045113105,8.011326E-5,176.6241885864205,9.3415954E-5,0.0045823194,0.009111583
120.88671340321889,0.0011897832,585,301292.4,16.615982,5166.0005,2.5096996,312111.97,17.326254,0,,,,,21.84011728467957,8.013028E-5,176.62388468409173,9.3433366E-5,0.0038081335,0.008840883
120.90714795607346,0.0011908361,586,301226.22,16.615671,5245.5107,2.5097,312044.7,17.377947,8320,,,,,21.839971589065694,8.015401E-5,176.62394060340824,9.345874E-5,0.00394847,0.008776874
120.92758260881965,0.0011918888,587,301189.34,16.615362,5168.6484,2.5097008,311993.3,17.27263,0,,,,,21.8398595401192,8.016163E-5,176.6242549104361,9.346317E-5,0.0035669752,0.009031884
120.94801736155932,0.0011929416,588,301150.78,16.615053,5176.9277,2.5097013,311970.72,17.342693,0,,,,,21.839802313489663,8.017736E-5,176.6239043763018,9.348366E-5,0.0036041122,0.008527945
120.96845191418834,0.0011939942,589,301111.66,16.614746,5172.2466,2.5097017,311926.97,17.390875,0,,,,,21.83987892322511,8.018692E-5,176.62349693385764,9.349849E-5,0.0036635282,0.008255908
120.98888656681811,0.0011950468,590,301129.84,16.614435,5173.78,2.5097022,311933.1,17.298834,0,,,,,21.840021507236585,8.0179576E-5,176.62344655954882,9.3490766E-5,0.0037801482,0.0079608485
121.00932111944712,0.0011960994,591,301114.66,16.614126,5173.282,2.5097024,311934.2,17.323874,0,,,,,21.839163594305816,8.018136E-5,176.62288402211556,9.349105E-5,0.0032050991,0.0075431583
121.02975587195397,0.001197152,592,301132.06,16.613817,5167.7407,2.509703,311937.3,17.321995,0,,,,,21.839433359930432,8.018053E-5,176.62352768317913,9.3485374E-5,0.0032515037,0.008327679
121.05019052446733,0.0011982045,593,301171.3,16.614326,5181.7305,2.5096853,312002.25,17.27852,0,,,,,21.839046993464702,8.017161E-5,176.623611059182,9.347138E-5,0.0025288234,0.007411576
121.07062517686427,0.0011992569,594,301177.97,16.61484,5166.0156,2.5096676,311995.56,17.306757,0,,,,,21.839034690435604,8.017613E-5,176.62340701695928,9.347852E-5,0.0030463238,0.008265195
121.09105982925394,0.0012003093,595,301221.22,16.615349,5168.4736,2.5096498,312045.47,17.35634,0,,,,,21.83921310851553,8.016505E-5,176.6234804010785,9.3466304E-5,0.002928072,0.008051481
121.11149448153446,0.0012013615,596,301280.2,16.61586,5170.922,2.509632,312112.1,17.33145,0,,,,,21.838945761110395,8.0145146E-5,176.6234386608773,9.344155E-5,0.0027595677,0.007934458
121.13192913381499,0.0012024138,597,301377.22,16.61637,5174.4014,2.5096142,312215.3,17.360918,0,,,,,21.838860287448764,8.012526E-5,176.6232461596347,9.3419585E-5,0.0026111433,0.007909997
121.15236368597107,0.001203466,598,301503.34,16.61688,5176.421,2.5095966,312341.34,17.338705,0,,,,,21.83927642884876,8.0093756E-5,176.6236178828931,9.338254E-5,0.0030968206,0.008356906
121.17279843813594,0.0012045181,599,301552.38,16.617392,5169.703,2.5095787,312413.03,17.392246,0,,,,,21.839446758796807,8.007949E-5,176.62319670921423,9.337117E-5,0.003007381,0.0075109936
121.19323309018364,0.0012055702,600,301664.53,16.617903,5176.6553,2.509561,312504.66,17.373869,0,,,,,21.839535853850588,8.005161E-5,176.6232644016933,9.333875E-5,0.0035950907,0.0082412455
121.2136676422233,0.0012066222,601,301732.12,16.618412,5165.2046,2.5095432,312600.62,17.429495,0,,,,,21.84025635695177,8.00239E-5,176.62331555895562,9.331136E-5,0.0038254317,0.007939115
121.23410239415534,0.0012076742,602,301828.97,16.618923,5162.6045,2.5095255,312691.6,17.440083,0,,,,,21.84050726948648,7.999947E-5,176.62370587498512,9.328115E-5,0.00426758,0.008321976
121.25453704608663,0.0012087261,603,301872.56,16.619432,5172.7017,2.5095077,312738.47,17.39838,8192,,,,,21.840490753713404,7.9991776E-5,176.6235616503036,9.327346E-5,0.0043685623,0.008487975
121.27497159800987,0.001209778,604,301956.75,16.619944,5180.529,2.5094898,312824.06,17.425322,0,,,,,21.840925097804906,7.996762E-5,176.6235323367145,9.324884E-5,0.0046509285,0.00839199
121.29540624982474,0.0012108298,605,301958.94,16.620455,5172.776,2.5094721,312830.47,17.437231,0,,,,,21.84081780024267,7.996786E-5,176.62350498840428,9.3248644E-5,0.004644348,0.008011579
121.31584100152395,0.0012118815,606,301959.1,16.620966,5171.5083,2.5094543,312815.72,17.421612,0,,,,,21.841159946093338,7.9969075E-5,176.6235973217139,9.325179E-5,0.0050509805,0.008647111
121.33627565321513,0.0012129332,607,301967.34,16.621475,5175.4707,2.5094366,312841.12,17.438135,0,,,,,21.840702443948512,7.99608E-5,176.62354827446825,9.323928E-5,0.0043989248,0.008029004
121.35671020491282,0.0012139849,608,301952.38,16.621986,5177.756,2.5094187,312802.84,17.394564,0,,,,,21.841056495374417,7.997129E-5,176.62374865119693,9.325232E-5,0.004993562,0.00882817
121.37714495649561,0.0012150365,609,301939.22,16.622496,5172.172,2.5094008,312814.56,17.44861,0,,,,,21.84082749510937,7.9976024E-5,176.62330414356398,9.326035E-5,0.0046768235,0.008076942
121.39757960807037,0.0012160881,610,301842.47,16.623007,5170.755,2.509383,312695.03,17.422987,0,,,,,21.841185853351654,7.999569E-5,176.62353471232478,9.328385E-5,0.004992192,0.008239148
121.41801415953523,0.0012171395,611,301781.6,16.623516,5169.3555,2.509365,312637.38,17.431553,0,,,,,21.841163021872315,8.001635E-5,176.6236579718868,9.3306684E-5,0.0051402603,0.008721433
121.43844881088444,0.0012181909,612,301747.62,16.624027,5176.717,2.5093472,312613.0,17.410086,0,,,,,21.841172246220747,8.0023376E-5,176.6236478444454,9.3315095E-5,0.0046803057,0.008391676
121.45888356234354,0.0012192423,613,301708.7,16.624538,5161.7134,2.5093296,312569.62,17.428816,0,,,,,21.841220446692176,8.00343E-5,176.62404200899496,9.3324576E-5,0.00487446,0.00866506
121.47931811357557,0.0012202936,614,301675.47,16.625048,5166.4717,2.5093117,312521.7,17.439648,0,,,,,21.84125646341259,8.0045895E-5,176.62403473642235,9.33385E-5,0.005145551,0.008902788
121.49975276492478,0.0012213449,615,301706.0,16.625557,5160.688,2.5092938,312567.44,17.45321,0,,,,,21.841159299839,8.003661E-5,176.62379024341578,9.332929E-5,0.0047603017,0.008453368
121.52018741603388,0.001222396,616,301732.8,16.626068,5167.66,2.509276,312575.88,17.453085,0,,,,,21.841310220171895,8.003703E-5,176.62389491411656,9.332998E-5,0.00550428,0.009085478
121.54062216726743,0.0012234473,617,301684.47,16.626167,5166.807,2.5092854,312543.5,17.462608,0,,,,,21.841354948733983,8.004795E-5,176.62370252595335,9.3344825E-5,0.005117947,0.008437413
121.56105681826739,0.0012244983,618,301735.78,16.626268,5166.091,2.509295,312594.56,17.45347,0,,,,,21.84129547122012,8.003248E-5,176.6237799643624,9.33256E-5,0.005155392,0.008565697
121.58149136937573,0.0012255494,619,301752.94,16.626368,5195.0957,2.5093043,312599.38,17.445127,0,,,,,21.84157014992808,8.003544E-5,176.62382816707995,9.333063E-5,0.0055737933,0.00896579
121.60192612026003,0.0012266003,620,301712.94,16.626467,5164.1187,2.5093136,312573.56,17.460289,0,,,,,21.841138715155935,8.00406E-5,176.62371970942536,9.333444E-5,0.0049380246,0.008546568
121.62236077125999,0.0012276513,621,301751.2,16.626568,5172.021,2.5093231,312607.25,17.448294,0,,,,,21.841994322291193,8.003301E-5,176.6237918003534,9.3331226E-5,0.0056888773,0.008833717
121.64279532201908,0.001228702,622,301784.66,16.626667,5171.5083,2.5093327,312643.06,17.44515,0,,,,,21.842138887157635,8.001724E-5,176.62362888759301,9.331541E-5,0.005893351,0.008445088
121.66322997290263,0.0012297529,623,301751.2,16.626766,5164.4067,2.509342,312617.34,17.448025,8192,,,,,21.842159209024103,8.002846E-5,176.623630249825,9.332861E-5,0.0057214405,0.008288144
121.68366472367052,0.0012308037,624,301816.22,16.626867,5157.1147,2.5093513,312663.06,17.466183,0,,,,,21.84210276582511,8.0012374E-5,176.623876355569,9.330712E-5,0.0059897993,0.008764639
121.7040992743132,0.0012318543,625,301776.62,16.626966,5159.328,2.5093608,312638.66,17.46284,0,,,,,21.841987979044323,8.002237E-5,176.6235349113016,9.3321105E-5,0.005654537,0.008359934
121.72453392496391,0.001232905,626,301715.38,16.627066,5159.953,2.5093703,312576.78,17.455109,0,,,,,21.84227236979878,8.0038255E-5,176.62325851195672,9.3344286E-5,0.006023326,0.00799461
121.74496867549897,0.0012339555,627,301748.88,16.627165,5164.151,2.5093796,312592.1,17.469437,0,,,,,21.842395908209873,8.002933E-5,176.62395504431623,9.3328264E-5,0.006398027,0.008862177
121.76540322602523,0.001235006,628,301674.16,16.627266,5161.492,2.5093892,312538.9,17.46591,0,,,,,21.841976649894065,8.005237E-5,176.62339226150863,9.335729E-5,0.005642356,0.008037227
121.78583787644311,0.0012360564,629,301622.66,16.627365,5157.747,2.5093985,312474.47,17.451782,0,,,,,21.84243740442917,8.00652E-5,176.62388003454112,9.3371076E-5,0.0064241355,0.008733849
121.806272526861,0.0012371069,630,301551.94,16.627464,5167.147,2.5094078,312396.7,17.453436,0,,,,,21.842342303506705,8.008773E-5,176.62383370390074,9.339707E-5,0.0062738303,0.008644809
121.8267071772716,0.0012381573,631,301503.22,16.627565,5162.2725,2.509417,312352.4,17.4583,0,,,,,21.84243883372876,8.0095204E-5,176.62390412875396,9.3405826E-5,0.006123452,0.008446108
121.84714182757307,0.0012392076,632,301479.72,16.627665,5162.8228,2.5094266,312321.88,17.45138,0,,,,,21.842050602364623,8.0105136E-5,176.62384929911786,9.341504E-5,0.0058616283,0.008720904
121.86757647775812,0.0012402578,633,301457.72,16.627764,5161.774,2.509436,312292.66,17.456783,0,,,,,21.841832587414057,8.0116166E-5,176.62423412625267,9.3422685E-5,0.0057974933,0.009324517
121.8880111279359,0.0012413079,634,301466.88,16.627863,5163.8384,2.5094454,312313.25,17.470037,0,,,,,21.841719482527825,8.011208E-5,176.6238319244427,9.3420815E-5,0.005492672,0.008528198
121.90844577800453,0.001242358,635,301543.28,16.627964,5152.0024,2.5094547,312375.88,17.454315,0,,,,,21.842190475893155,8.009386E-5,176.6240469888388,9.340103E-5,0.006328438,0.009080451
121.92888042807317,0.0012434081,636,301547.4,16.628063,5157.581,2.509464,312412.0,17.40365,0,,,,,21.841989085756417,8.009142E-5,176.62387527978595,9.339828E-5,0.0057554087,0.008498301
121.94931497801736,0.001244458,637,301566.7,16.628162,5169.4277,2.5094736,312407.53,17.456278,0,,,,,21.84194193079554,8.009742E-5,176.6240125335096,9.340364E-5,0.0060398844,0.009010347
121.96974972797034,0.001245508,638,301629.5,16.628263,5156.912,2.5094829,312485.53,17.440756,0,,,,,21.841815722442178,8.007435E-5,176.6238853059002,9.337698E-5,0.0055444795,0.008523459
121.99018437792256,0.0012465579,639,301713.38,16.628363,5168.252,2.5094922,312572.5,17.470839,0,,,,,21.842092951905702,8.005418E-5,176.62373240646934,9.335691E-5,0.0057552094,0.008419384
122.01061892764119,0.0012476076,640,301836.38,16.628462,5161.3286,2.5095015,312698.25,17.41675,0,,,,,21.84229434633413,8.001803E-5,176.62386487361076,9.3314986E-5,0.0060640164,0.008648812
122.03105367747048,0.0012486575,641,301903.6,16.628546,5155.3013,2.5094857,312767.9,17.474392,0,,,,,21.842550660668948,7.999872E-5,176.62303612002916,9.330246E-5,0.0063023707,0.00779496
122.05148832718987,0.0012497072,642,302024.5,16.628632,5157.5005,2.5094702,312908.75,17.423466,0,,,,,21.842368644267253,7.99706E-5,176.6231963871691,9.326719E-5,0.0060434234,0.007917359
122.07192297678557,0.0012507568,643,302117.9,16.628717,5152.1167,2.5094545,312988.3,17.399471,0,,,,,21.84256946202008,7.994313E-5,176.62341640773042,9.323493E-5,0.0065183486,0.008254229
122.09235752638779,0.0012518064,644,302127.34,16.628801,5153.565,2.509439,313019.6,17.43373,0,,,,,21.842262712346205,7.994141E-5,176.623165371358,9.323338E-5,0.00603914,0.0077309445
122.11279227587511,0.0012528559,645,302197.75,16.628887,5160.2383,2.5094233,313077.6,17.429193,0,,,,,21.842585573511624,7.9922116E-5,176.62328363542417,9.321251E-5,0.006398294,0.007969687
122.13322692535439,0.0012539054,646,302132.03,16.628971,5157.7314,2.5094078,313017.38,17.421326,0,,,,,21.841870086273772,7.9943035E-5,176.62335548290167,9.323133E-5,0.0056362883,0.008235226
122.15366147472378,0.0012549547,647,302166.03,16.629057,5167.894,2.509392,313057.28,17.431726,0,,,,,21.841991533483007,7.992769E-5,176.6235602210236,9.321279E-5,0.005620543,0.008187976
122.17409622409468,0.0012560041,648,302192.6,16.62914,5172.7617,2.5093763,313067.06,17.442623,128,,,,,21.84190318350901,7.993024E-5,176.62332605703034,9.3217655E-5,0.0058589,0.008252368
122.19453087334114,0.0012570533,649,302151.72,16.629227,5148.2725,2.5093608,313043.62,17.451624,0,,,,,21.841853289081996,7.993289E-5,176.62307126803742,9.322311E-5,0.00553305,0.007612729
122.2149654225941,0.0012581026,650,302103.16,16.629313,5168.3364,2.5093448,312989.4,17.433079,0,,,,,21.841539651035617,7.9951016E-5,176.62336207868373,9.323959E-5,0.005408012,0.008098702
122.23540007173142,0.0012591517,651,302067.72,16.629396,5153.73,2.5093293,312946.1,17.415758,0,,,,,21.841750296536073,7.995797E-5,176.62351369638657,9.324821E-5,0.0055076955,0.00828817
122.2558348207458,0.0012602007,652,301970.3,16.62948,5174.8906,2.5093136,312861.28,17.40504,0,,,,,21.841655478906254,7.998678E-5,176.6231866073313,9.3284514E-5,0.005367027,0.007888519
122.27626936988236,0.0012612499,653,301936.7,16.629566,5158.6646,2.5092978,312808.8,17.373793,0,,,,,21.842179623495877,7.998978E-5,176.6233472397581,9.329076E-5,0.005984053,0.008056857
122.29670401878684,0.0012622988,654,301915.66,16.62965,5160.7383,2.5092824,312785.12,17.389198,8192,,,,,21.84206782133956,7.999593E-5,176.6233698627442,9.3297254E-5,0.0058338274,0.008264067
122.31713876768481,0.0012633477,655,301876.72,16.629736,5157.6934,2.5092664,312766.7,17.385548,0,,,,,21.84200804908916,8.0004786E-5,176.62308458568972,9.3310155E-5,0.005578471,0.0074215317
122.33757331658853,0.0012643966,656,301856.97,16.629822,5146.895,2.5092509,312714.12,17.390837,0,,,,,21.842336451981065,8.000965E-5,176.62313412610615,9.331816E-5,0.0061923955,0.008027539
122.3580079653766,0.0012654454,657,301817.03,16.629906,5154.2915,2.5092351,312698.16,17.40416,0,,,,,21.842149760398478,8.002045E-5,176.62307955190454,9.333025E-5,0.005820563,0.007535602
122.3784426141574,0.0012664942,658,301842.66,16.629992,5157.0015,2.5092194,312710.56,17.423626,0,,,,,21.84207670844094,8.001157E-5,176.62295796368875,9.332085E-5,0.005883757,0.007563974
122.39887736282981,0.0012675428,659,301847.47,16.630075,5145.3936,2.5092037,312723.06,17.41399,0,,,,,21.842338610700388,8.00114E-5,176.62284283791854,9.332402E-5,0.005978329,0.0071422136
122.41931191138428,0.0012685914,660,301833.6,16.63016,5150.9375,2.509188,312703.38,17.412418,0,,,,,21.842708495394398,8.0011385E-5,176.6229392494903,9.332618E-5,0.0063255145,0.0073170955
122.43974655993225,0.0012696399,661,301835.47,16.630245,5152.1567,2.5091722,312703.5,17.425213,0,,,,,21.84205115606053,8.0014965E-5,176.62265994974487,9.33285E-5,0.005880704,0.0070690233
122.46018130837183,0.0012706884,662,301882.28,16.630331,5150.8774,2.5091565,312753.12,17.37992,0,,,,,21.84227320513815,8.000407E-5,176.6226553282619,9.331784E-5,0.005971015,0.007147515
122.48061585680989,0.0012717368,663,301915.94,16.630417,5148.582,2.5091407,312796.8,17.435734,0,,,,,21.842027232137077,7.999202E-5,176.62268383433843,9.3302064E-5,0.0056747226,0.007032211
122.50105050524144,0.0012727852,664,301960.47,16.6305,5151.4546,2.509125,312823.2,17.44794,0,,,,,21.841773935266662,7.998162E-5,176.62298526635288,9.328561E-5,0.0055674356,0.0075881034
122.52148505344667,0.0012738334,665,301976.66,16.630627,5149.4575,2.5091078,312868.53,17.450308,0,,,,,21.842023208841592,7.997461E-5,176.62268491583785,9.328187E-5,0.0054352563,0.0068296557
122.54191980176984,0.0012748818,666,302045.34,16.630753,5142.5703,2.509091,312936.78,17.441366,0,,,,,21.842384671568,7.995287E-5,176.6229112699257,9.3256866E-5,0.00568036,0.0073266956
122.56235444985214,0.0012759299,667,302155.4,16.63088,5149.552,2.5090737,313038.34,17.42644,0,,,,,21.841988290681343,7.9935424E-5,176.62275189020272,9.323489E-5,0.0055779167,0.0073871817
122.58278909805813,0.0012769781,668,302181.25,16.631006,5140.481,2.5090566,313082.7,17.410152,0,,,,,21.841873529078295,7.9924044E-5,176.6226141635921,9.322185E-5,0.005263884,0.006770632
122.60322374603129,0.001278026,669,302184.78,16.631132,5147.583,2.5090396,313077.72,17.402176,0,,,,,21.841916570194364,7.992755E-5,176.6228424453766,9.322393E-5,0.00539027,0.0072085983
122.62365839399718,0.001279074,670,302255.38,16.631258,5139.3027,2.5090225,313154.66,17.422113,0,,,,,21.84148009317527,7.9907164E-5,176.62273028199692,9.3197785E-5,0.005116507,0.0069091944
122.64409304197034,0.001280122,671,302287.94,16.631384,5144.6265,2.5090055,313195.5,17.424837,0,,,,,21.841200415159797,7.9904254E-5,176.6221853398808,9.3197195E-5,0.0046414896,0.006459381
122.66452758982632,0.0012811698,672,302272.25,16.631512,5149.093,2.5089884,313169.62,17.414852,0,,,,,21.8409123718168,7.9914644E-5,176.62217104619344,9.320711E-5,0.004404657,0.0065009277
122.68496233767655,0.0012822177,673,302249.06,16.631638,5147.3096,2.5089712,313161.56,17.44083,0,,,,,21.840827883695752,7.991191E-5,176.62195157744003,9.320514E-5,0.0041871606,0.0058262725
122.70539698541688,0.0012832654,674,302254.2,16.631763,5139.8535,2.508954,313151.34,17.444532,0,,,,,21.84053575206628,7.991732E-5,176.62156312042308,9.3212715E-5,0.0041613327,0.0057930797
122.72583153304004,0.001284313,675,302282.9,16.631891,5137.4233,2.508937,313174.44,17.448717,8192,,,,,21.840595660483388,7.99121E-5,176.62208906190602,9.320195E-5,0.004246838,0.0063685062
122.74626628065744,0.0012853607,676,302265.34,16.632017,5149.594,2.5089197,313187.2,17.47054,0,,,,,21.840062460132078,7.992153E-5,176.6215217084333,9.3214076E-5,0.0033964757,0.005537714
122.76670092816494,0.0012864082,677,302293.66,16.632143,5137.554,2.5089025,313180.44,17.4373,0,,,,,21.840510431135908,7.991157E-5,176.62195594879898,9.320155E-5,0.004239576,0.0063053323
122.78713547567168,0.0012874557,678,302234.16,16.632269,5136.553,2.5088854,313145.62,17.472393,0,,,,,21.840812442031048,7.991598E-5,176.62187603260762,9.320948E-5,0.0039115623,0.0057853665
122.80757012305548,0.0012885031,679,302215.06,16.632397,5152.525,2.5088682,313127.38,17.459408,0,,,,,21.84142573975476,7.993087E-5,176.62172726359665,9.323257E-5,0.0048309313,0.005691794
122.82800487044733,0.0012895504,680,302215.62,16.632523,5130.5312,2.508851,313119.03,17.450367,0,,,,,21.84095391581572,7.992884E-5,176.62195025330638,9.322443E-5,0.004411919,0.006053643
122.848439517722,0.0012905977,681,302081.06,16.632648,5141.079,2.5088341,312982.12,17.490791,0,,,,,21.840793385166165,7.9966696E-5,176.62200855347237,9.3266644E-5,0.0041286564,0.0059804013
122.86887416498939,0.001291645,682,302040.78,16.632774,5144.833,2.5088167,312941.5,17.462536,0,,,,,21.840928185225103,7.9976715E-5,176.62216436166653,9.3277675E-5,0.004421335,0.006195056
122.88930881214765,0.0012926921,683,301966.53,16.6329,5135.8447,2.5087996,312862.2,17.456621,0,,,,,21.841609493836465,7.999211E-5,176.62202809386525,9.330174E-5,0.004925418,0.0059822737
122.90974345918949,0.0012937392,684,301922.53,16.633028,5139.266,2.5087826,312826.44,17.473541,0,,,,,21.84125378797241,8.000464E-5,176.6216172050285,9.3317365E-5,0.004616843,0.005408274
122.93017810622405,0.0012947862,685,301969.2,16.633154,5134.2266,2.5087652,312857.47,17.455141,0,,,,,21.841485923460077,7.9996826E-5,176.62184320105246,9.330766E-5,0.005179133,0.0060131284
122.95061265326513,0.0012958333,686,301998.9,16.63328,5124.9297,2.508748,312905.66,17.449879,0,,,,,21.84203019754773,7.998553E-5,176.62199554481387,9.329688E-5,0.0052366084,0.005844079
122.97104740019131,0.0012968802,687,302038.53,16.633408,5134.9526,2.508731,312949.2,17.447844,0,,,,,21.842156892870733,7.996905E-5,176.62201141952298,9.327825E-5,0.00527691,0.005844244
122.99148204699304,0.001297927,688,302124.5,16.633533,5143.6226,2.5087137,313032.28,17.444778,0,,,,,21.842150637613443,7.995067E-5,176.62212507537973,9.32555E-5,0.0055812104,0.0061031734
123.01191659380129,0.0012989738,689,302097.0,16.633287,5141.687,2.5087073,313027.06,17.449675,0,,,,,21.842174865338038,7.996021E-5,176.621703169638,9.327057E-5,0.005335074,0.0054631047
123.03235134049464,0.0013000205,690,302190.53,16.633041,5133.396,2.5087008,313095.16,17.406824,0,,,,,21.84282797288063,7.99264E-5,176.62192796760456,9.323368E-5,0.0061828764,0.005768204
123.05278598706354,0.0013010671,691,302196.88,16.632793,5133.0244,2.5086944,313127.44,17.444149,0,,,,,21.842292528678882,7.992705E-5,176.6216751189942,9.323269E-5,0.0055622007,0.005443963
123.07322063375614,0.0013021138,692,302211.75,16.632547,5141.763,2.5086877,313137.06,17.465721,0,,,,,21.84174879318983,7.992953E-5,176.62188276906897,9.322947E-5,0.004956958,0.0058459304
123.09365518021514,0.0013031602,693,302292.9,16.632301,5130.198,2.5086813,313216.75,17.476547,0,,,,,21.841845257684003,7.990309E-5,176.6218490007357,9.3199495E-5,0.004971268,0.0056901006
123.11408992666838,0.0013042067,694,302296.9,16.632055,5133.276,2.5086749,313221.72,17.458323,0,,,,,21.84187946152982,7.990562E-5,176.62188639954087,9.320219E-5,0.005038681,0.0055658133
123.13452457301173,0.001305253,695,302290.94,16.63181,5134.4307,2.5086684,313219.7,17.419825,0,,,,,21.84225873591787,7.990326E-5,176.6216495301829,9.320427E-5,0.005276628,0.005287511
123.15495911935432,0.0013062994,696,302298.2,16.631563,5132.946,2.5086617,313218.6,17.435432,0,,,,,21.84240825590921,7.990357E-5,176.62154760216816,9.320651E-5,0.005656299,0.0054287696
123.17539386557473,0.0013073456,697,302383.38,16.631317,5128.3755,2.5086553,313334.66,17.425026,0,,,,,21.842489150516386,7.9879545E-5,176.62128353714553,9.318138E-5,0.0052436306,0.0045778467
123.19582851180166,0.0013083918,698,302407.53,16.631071,5133.5127,2.5086486,313349.62,17.405617,0,,,,,21.84262657998337,7.9867714E-5,176.62146105334557,9.316677E-5,0.0057031303,0.005156024
123.21626305791142,0.0013094379,699,302435.38,16.630825,5133.733,2.5086422,313374.75,17.38951,0,,,,,21.842279904318147,7.9869926E-5,176.6211575253436,9.316947E-5,0.005231943,0.004728448
123.23669770402194,0.001310484,700,302498.53,16.630579,5127.878,2.5086358,313443.88,17.437437,0,,,,,21.842442234232372,7.984904E-5,176.62110042210594,9.314665E-5,0.005350624,0.004541981
123.25713245000952,0.00131153,701,302569.88,16.630333,5128.2856,2.508629,313503.47,17.416945,0,,,,,21.842072555464007,7.983435E-5,176.62153713612656,9.312257E-5,0.005193448,0.0051620146
123.27756699588645,0.0013125759,702,302531.97,16.630085,5138.125,2.5086226,313494.72,17.419777,0,,,,,21.841485549230313,7.984845E-5,176.6211933147878,9.313772E-5,0.0044956333,0.004577087
123.29800164175685,0.0013136218,703,,,,,,,36,,,,,,,,,,
123.31843638751889,0.0013146675,704,302523.22,16.629593,5125.623,2.5086095,313478.44,17.461952,0,,,,,21.842139310702038,7.984002E-5,176.62171029829037,9.312757E-5,0.004831634,0.004940931
123.3388709332794,0.0013157133,705,302515.72,16.629349,5133.2773,2.508603,313472.5,17.438887,0,,,,,21.84170814178698,7.98541E-5,176.62117770752585,9.314561E-5,0.00466765,0.0045963973
123.35930557892425,0.0013167589,706,302448.97,16.6291,5128.8066,2.5085964,313405.12,17.433666,0,,,,,21.84209011509536,7.9862E-5,176.62152775080818,9.315421E-5,0.0049097445,0.00486529
123.37974022456183,0.0013178046,707,302353.4,16.628855,5126.9375,2.50859,313316.1,17.456635,0,,,,,21.841889267879964,7.988413E-5,176.62140915017483,9.3179486E-5,0.004588954,0.004448495
123.40017497009103,0.0013188501,708,302263.94,16.628609,5124.3364,2.5085833,313223.12,17.429752,0,,,,,21.841908050560818,7.991141E-5,176.621125543374,9.321392E-5,0.004696277,0.0040995926
123.42060951549502,0.0013198955,709,302185.53,16.628363,5127.4634,2.5085766,313121.22,17.412548,0,,,,,21.84215910093123,7.993229E-5,176.62127860225368,9.323852E-5,0.0049472665,0.004484642
123.44104416090704,0.0013209409,710,302062.75,16.628117,5130.8574,2.5085702,313020.4,17.43574,0,,,,,21.841831375813385,7.996772E-5,176.62091120288324,9.32807E-5,0.0045304084,0.0039819977
123.46147890620341,0.0013219862,711,301991.2,16.62787,5123.4243,2.5085638,312942.06,17.44551,0,,,,,21.841880041684057,7.9984246E-5,176.62091076564232,9.330017E-5,0.0046945265,0.0042652977
123.48191345149826,0.0013230315,712,301903.38,16.627623,5119.5625,2.508557,312847.34,17.446339,0,,,,,21.841999700184914,8.000075E-5,176.62112122215535,9.331818E-5,0.004546434,0.004049907
123.50234809667018,0.0013240767,713,301844.56,16.627607,5122.289,2.5085454,312805.6,17.44577,0,,,,,21.8418649029113,8.00153E-5,176.62100681648684,9.333466E-5,0.0041543297,0.00363406
123.52278264173219,0.0013251217,714,301876.56,16.627592,5126.0566,2.5085342,312810.38,17.439962,0,,,,,21.841534592301148,8.00159E-5,176.62162865825294,9.332658E-5,0.004362677,0.0048329663
123.54321738678846,0.0013261668,715,301793.22,16.627577,5130.5884,2.5085225,312752.25,17.437918,0,,,,,21.84138014290737,8.003682E-5,176.62090595540303,9.335601E-5,0.003832694,0.003588749
123.56365203173482,0.0013272117,716,301798.16,16.627562,5131.6914,2.508511,312740.62,17.444843,0,,,,,21.84134697876671,8.004121E-5,176.62112999856265,9.3358234E-5,0.0039986353,0.0041468083
123.58408667668118,0.0013282567,717,301797.47,16.627544,5122.972,2.5084996,312755.28,17.449123,0,,,,,21.841080203646975,8.003955E-5,176.6211762139335,9.335334E-5,0.0034874717,0.004066749
123.60452132151113,0.0013293015,718,301825.28,16.62753,5128.5405,2.508488,312785.88,17.428425,0,,,,,21.841716723359934,8.003046E-5,176.62107246574055,9.3347844E-5,0.0039901044,0.003868794
123.6249559663338,0.0013303463,719,301859.53,16.627514,5131.5137,2.5084765,312812.62,17.430716,0,,,,,21.84145328770459,8.0023914E-5,176.62118343791298,9.333667E-5,0.0038150584,0.004080251
123.64539061104733,0.001331391,720,301934.5,16.627499,5121.1787,2.508465,312902.34,17.432156,0,,,,,21.84129127831062,8.0002486E-5,176.62088879088338,9.331267E-5,0.0038321281,0.0035682824
123.66582515564369,0.0013324356,721,301977.53,16.627483,5129.8545,2.5084534,312939.25,17.420813,0,,,,,21.84118199148091,7.9998754E-5,176.62063451625352,9.3309325E-5,0.0037197624,0.0033073234
123.68625990023429,0.0013334802,722,302043.88,16.627468,5121.516,2.508442,313009.97,17.433846,0,,,,,21.841343194021817,7.997739E-5,176.62082566134603,9.3283255E-5,0.0037767158,0.0037488774
123.70669454471499,0.0013345247,723,302082.5,16.627453,5117.4434,2.5084302,313061.12,17.430248,0,,,,,21.84123781388419,7.996484E-5,176.6206077162933,9.326932E-5,0.0033931031,0.0031960234
123.72712908919493,0.0013355692,724,302122.53,16.627438,5127.5957,2.5084188,313099.47,17.414595,0,,,,,21.841077774374693,7.996061E-5,176.62096243666153,9.325934E-5,0.0035575174,0.0038498146
123.7475638335527,0.0013366136,725,302145.34,16.627422,5129.634,2.508407,313124.2,17.388329,0,,,,,21.840988673882507,7.99563E-5,176.6207265503192,9.325529E-5,0.0033605779,0.0034903334
123.76799847791699,0.0013376579,726,302091.53,16.627405,5131.972,2.5083957,313081.22,17.417109,0,,,,,21.84088131613059,7.9973055E-5,176.6203004925906,9.327746E-5,0.002954013,0.0027995214
123.78843302204768,0.001338702,727,302133.28,16.62739,5117.83,2.508384,313092.94,17.372711,0,,,,,21.841589166452586,7.995718E-5,176.62082719471334,9.325869E-5,0.003933392,0.003809304
123.80886766628828,0.0013397463,728,302105.2,16.627375,5121.882,2.5083725,313096.66,17.39992,0,,,,,21.84109774355489,7.996619E-5,176.62061395399365,9.326701E-5,0.0032120282,0.002885759
123.82930241030408,0.0013407903,729,302122.6,16.62736,5130.798,2.5083609,313100.06,17.406416,0,,,,,21.841632917031795,7.995976E-5,176.6207539213587,9.3261595E-5,0.003789209,0.0034029512
123.84973695431836,0.0013418343,730,302095.8,16.627344,5119.531,2.5083492,313080.8,17.387295,0,,,,,21.84102297378602,7.9975274E-5,176.62042328041707,9.327772E-5,0.0032910893,0.0028325247
123.87017159832612,0.0013428783,731,302053.6,16.627327,5131.159,2.5083375,313045.53,17.386007,0,,,,,21.84069505375018,7.9985475E-5,176.62012449522172,9.328942E-5,0.0027969677,0.0025420398
123.89060634222551,0.0013439222,732,302061.25,16.627312,5128.593,2.508326,313044.0,17.387865,0,,,,,21.840673414875237,7.998588E-5,176.62051036193452,9.3285584E-5,0.0028100286,0.0029202723
123.91104098600044,0.001344966,733,301996.06,16.627296,5120.456,2.5083144,312984.75,17.431181,0,,,,,21.840726790189205,7.99985E-5,176.6204679999169,9.330053E-5,0.0027492577,0.0027900196
123.93147552978189,0.0013460098,734,301959.16,16.627281,5122.2627,2.5083027,312942.53,17.44505,0,,,,,21.840729126731645,8.001097E-5,176.62046613558394,9.331455E-5,0.0029571913,0.0027779634
123.95191017344769,0.0013470534,735,301928.5,16.627266,5124.48,2.5082912,312900.34,17.386639,0,,,,,21.840967875851725,8.002267E-5,176.62037230780012,9.333027E-5,0.003110159,0.002866857
123.97234491699055,0.001348097,736,301882.03,16.62725,5128.4487,2.5082796,312871.2,17.460003,8192,,,,,21.840737297031108,8.003317E-5,176.62003935801147,9.334336E-5,0.0026851976,0.0024582094
123.99277946053917,0.0013491405,737,301808.03,16.626278,5117.4546,2.508284,312783.88,17.431974,0,,,,,21.840420956506463,8.0050464E-5,176.62014301156944,9.3360555E-5,0.002620781,0.0024059273
124.01321410397213,0.001350184,738,301714.9,16.625305,5114.487,2.5082884,312683.2,17.438335,0,,,,,21.84055767851479,8.007539E-5,176.6205399217862,9.3387265E-5,0.0026151696,0.0029498658
124.03364884739858,0.0013512274,739,301620.94,16.624332,5125.854,2.508293,312607.7,17.393475,0,,,,,21.839935657409445,8.010411E-5,176.62013170038026,9.342029E-5,0.0020172815,0.0025205174
124.05408339071437,0.0013522707,740,301538.34,16.623362,5129.317,2.5082974,312496.16,17.428085,128,,,,,21.840139517975476,8.0123806E-5,176.62072105871965,9.34396E-5,0.002331767,0.003179594
124.0745180339145,0.0013533139,741,301417.22,16.622389,5112.848,2.5083017,312382.8,17.306673,0,,,,,21.839938684119616,8.015305E-5,176.62044016016523,9.347516E-5,0.0019053627,0.0025940565
124.09495267711463,0.0013543571,742,301300.62,16.621416,5124.7056,2.5083063,312252.2,17.332832,0,,,,,21.84050659217256,8.017463E-5,176.62053590601673,9.350398E-5,0.002739316,0.0028182515
124.11538732019108,0.0013554002,743,301214.4,16.620445,5121.877,2.5083108,312159.25,17.335646,0,,,,,21.840190354579008,8.0201775E-5,176.62068739005608,9.353221E-5,0.0022655302,0.002819656
124.1358219632748,0.0013564433,744,301104.78,16.619473,5127.625,2.5083153,312065.22,17.318058,8192,,,,,21.84037491747238,8.0232705E-5,176.61982447033594,9.3578055E-5,0.0023084774,0.0020740717
124.15625660623482,0.0013574862,745,301062.22,16.6185,5120.3022,2.5083196,312010.53,17.307867,0,,,,,21.839981683493104,8.0239166E-5,176.62027535050404,9.357878E-5,0.0021359501,0.0025651525
124.17669134908647,0.0013585291,746,300974.88,16.617529,5124.8105,2.5083241,311931.2,17.328959,0,,,,,21.840182486435054,8.025769E-5,176.62008552840015,9.360399E-5,0.002207915,0.0022912407
124.1971258919366,0.0013595719,747,300941.78,16.616554,5115.303,2.5083284,311896.0,17.338808,0,,,,,21.840151449129575,8.026487E-5,176.61995383409072,9.361369E-5,0.0021545182,0.002158939
124.21756053467107,0.0013606147,748,300883.56,16.615583,5118.2036,2.508333,311837.72,17.307615,0,,,,,21.840525423561502,8.027714E-5,176.6204352054106,9.36266E-5,0.002495869,0.0026749987
124.23799517739826,0.0013616574,749,300870.66,16.614609,5125.8315,2.5083373,311823.5,17.344542,0,,,,,21.84073658433678,8.027723E-5,176.62029628915633,9.362989E-5,0.0025353583,0.002273849
124.25842982001632,0.0013627,750,300835.3,16.613638,5121.786,2.5083416,311783.75,17.374105,0,,,,,21.840793002637312,8.028648E-5,176.61982748501725,9.3645824E-5,0.0026451314,0.0017319457
124.27886446251068,0.0013637425,751,300811.97,16.612665,5114.282,2.508346,311741.53,17.381567,0,,,,,21.84063189494256,8.0287864E-5,176.6200468755637,9.364452E-5,0.0026656038,0.00218604
124.29929910489591,0.0013647849,752,300708.7,16.611692,5117.981,2.5083506,311647.06,17.3509,0,,,,,21.840765160361094,8.0317826E-5,176.61964984324786,9.36845E-5,0.002589629,0.0014951926
124.31973384739831,0.0013658274,753,300754.22,16.610718,5124.7446,2.508355,311681.3,17.416859,0,,,,,21.83999203904419,8.0308695E-5,176.62023066431632,9.3663024E-5,0.0022061975,0.002411882
124.34016838966636,0.0013668697,754,300749.28,16.609747,5124.4336,2.5083592,311699.44,17.351286,0,,,,,21.839531461700087,8.0305326E-5,176.62005460307637,9.3657654E-5,0.0013362665,0.0019565062
124.3606030319279,0.0013679119,755,300773.53,16.608772,5121.9185,2.5083635,311714.8,17.415562,0,,,,,21.839405089815493,8.030009E-5,176.6200845014022,9.365066E-5,0.0013325098,0.0017832604
124.38103767408029,0.0013689541,756,300856.22,16.6078,5117.021,2.508368,311795.34,17.410933,0,,,,,21.8391331477991,8.0280515E-5,176.61968327439837,9.3629904E-5,0.0012222319,0.0017384082
124.401472316109,0.0013699961,757,300899.62,16.606827,5126.0703,2.5083723,311861.12,17.408041,0,,,,,21.838670632923765,8.026925E-5,176.61919702310695,9.361822E-5,5.644557E-4,9.113969E-4
124.42190695814497,0.0013710381,758,300986.97,16.605854,5116.6416,2.5083766,311929.1,17.393492,0,,,,,21.839231282618783,8.0239006E-5,176.61943420808728,9.358523E-5,0.0010767711,0.0013711102
124.44234160018095,0.0013720802,759,300991.53,16.60488,5122.6235,2.5083811,311955.47,17.342012,0,,,,,21.838926587312436,8.023878E-5,176.61933756866404,9.3583934E-5,6.647134E-4,9.2694984E-4
124.46277634197759,0.001373122,760,300956.62,16.603907,5117.1846,2.5083854,311897.2,17.382433,0,,,,,21.83904437833073,8.02367E-5,176.6196780206598,9.357953E-5,7.8522076E-4,0.0013850116
124.48321088377998,0.0013741638,761,300963.88,16.603937,5125.1304,2.508361,311907.66,17.384197,0,,,,,21.838922595179774,8.0244885E-5,176.61954012700903,9.358945E-5,8.45803E-4,0.0013255338
124.50364552558312,0.0013752056,762,300942.88,16.603966,5126.8916,2.508337,311893.38,17.396791,8192,,,,,21.838690285081654,8.025094E-5,176.6194827342807,9.35953E-5,6.419861E-4,0.0013175663
124.5240800672691,0.0013762473,763,300907.97,16.603994,5126.709,2.5083127,311854.0,17.43622,0,,,,,21.83928448334903,8.0253114E-5,176.6195986661779,9.360116E-5,0.001020877,0.001133193
124.5445148088329,0.0013772888,764,300898.7,16.604023,5122.202,2.5082884,311841.22,17.458523,0,,,,,21.839287854815158,8.026262E-5,176.6192822654799,9.361522E-5,0.0011421724,0.0010756343
124.5649494502868,0.0013783303,765,300949.44,16.604053,5116.4014,2.5082643,311902.53,17.427013,0,,,,,21.839478467357594,8.024017E-5,176.6194373813188,9.3588984E-5,0.0011791646,9.4456994E-4
124.58538399173995,0.0013793717,766,300927.6,16.604084,5128.5396,2.5082402,311873.97,17.444864,0,,,,,21.83910503221125,8.025519E-5,176.6194070178139,9.3604E-5,0.001093524,0.0013128956
124.60581873307092,0.0013804131,767,300947.5,16.604113,5112.724,2.5082157,311904.16,17.418417,0,,,,,21.839404689917515,8.024394E-5,176.61945906470714,9.35926E-5,0.0011837183,0.0012934726
124.6262533744084,0.0013814544,768,300890.94,16.604141,5123.0444,2.5081916,311847.1,17.453001,0,,,,,21.839454050715837,8.025706E-5,176.6196529501152,9.360644E-5,0.0011941026,0.0013798779
124.6466880156222,0.0013824956,769,300894.34,16.604172,5119.916,2.5081675,311829.16,17.45775,0,,,,,21.83989728903112,8.025588E-5,176.61995526814906,9.360551E-5,0.0018011887,0.0019865062
124.6671225567261,0.0013835367,770,300856.12,16.6042,5115.803,2.5081432,311815.7,17.428144,0,,,,,21.839497600613882,8.026631E-5,176.61960814008333,9.361794E-5,0.001049807,0.0012695602
124.68755729783152,0.0013845778,771,300888.9,16.60423,5121.437,2.5081189,311833.03,17.460722,0,,,,,21.840330917184225,8.025301E-5,176.61987794434077,9.360607E-5,0.0021952146,0.0016755774
124.70799193881976,0.0013856188,772,300836.72,16.60426,5117.0947,2.5080945,311795.53,17.43817,0,,,,,21.840026162880513,8.026577E-5,176.61972638822476,9.3620096E-5,0.0013903334,0.0013245094
124.72842647979996,0.0013866598,773,300839.94,16.604288,5120.6533,2.5080705,311797.4,17.437534,0,,,,,21.839926866936196,8.026616E-5,176.61958959451258,9.3621085E-5,0.0016384004,0.0013328731
124.74886122055614,0.0013877006,774,300832.6,16.604319,5120.559,2.5080462,311773.88,17.42991,0,,,,,21.839705103685397,8.0272934E-5,176.61983169508022,9.362506E-5,0.0015068045,0.0016759998
124.76929586142069,0.0013887414,775,300787.34,16.60435,5119.841,2.5080218,311756.5,17.440172,0,,,,,21.839644207280156,8.027956E-5,176.6195695116075,9.3634786E-5,0.0012108056,9.2702726E-4
124.78973040205892,0.0013897821,776,300754.7,16.604378,5122.769,2.5079975,311695.53,17.44174,0,,,,,21.839824060278044,8.029006E-5,176.61971537866432,9.364698E-5,0.0015674082,0.0014375097
124.81016504269792,0.0013908227,777,300737.9,16.604406,5123.1733,2.5079734,311693.78,17.443497,0,,,,,21.839786719126124,8.02946E-5,176.61934938608152,9.365542E-5,0.0014851331,0.0010274395
124.83059978322126,0.0013918632,778,300792.62,16.604437,5119.8813,2.507949,311749.97,17.434877,0,,,,,21.840160785210497,8.027451E-5,176.61960455910813,9.3632356E-5,0.0015975841,0.0013178647
124.8510343237358,0.0013929037,779,300833.62,16.604465,5120.635,2.5079248,311790.16,17.450233,0,,,,,21.8396624185319,8.0268685E-5,176.61962354088433,9.3621675E-5,0.0015258552,0.0014273517
124.87146896414197,0.0013939441,780,300878.9,16.604494,5129.9937,2.5079005,311846.06,17.447758,0,,,,,21.839684677839408,8.02587E-5,176.61968971117227,9.360956E-5,0.0013695423,0.001181399
124.89190360443172,0.0013949844,781,300926.8,16.604525,5123.889,2.5078762,311889.9,17.475132,0,,,,,21.83952666848921,8.024553E-5,176.61939785399628,9.359574E-5,0.0010712126,9.1549393E-4
124.91233834471495,0.0013960247,782,301010.22,16.604553,5120.9805,2.5078518,311975.28,17.469069,0,,,,,21.840031729124643,8.02197E-5,176.6193798168913,9.356952E-5,0.00172069,9.655287E-4
124.93277288488753,0.0013970649,783,301035.25,16.604582,5118.933,2.5078278,312012.25,17.442158,0,,,,,21.839580760766758,8.021548E-5,176.61928451578504,9.3562136E-5,0.0013021232,6.820563E-4
124.95320752494445,0.0013981049,784,301015.16,16.604612,5110.6987,2.5078032,311984.22,17.431217,0,,,,,21.839930196759074,8.021367E-5,176.61957456618694,9.355989E-5,0.0014971963,9.989828E-4
124.97364226499485,0.001399145,785,301012.22,16.604767,5111.263,2.5078044,311985.38,17.463825,0,,,,,21.839529038425823,8.022363E-5,176.61927006659153,9.357141E-5,0.0011231282,8.016233E-4
124.99407680481818,0.0014001848,786,300977.5,16.604923,5108.263,2.5078056,311961.25,17.410236,0,,,,,21.839223809248615,8.023047E-5,176.6196835516504,9.3573275E-5,6.888737E-4,9.253889E-4
125.01451144475868,0.0014012248,787,301032.3,16.605078,5111.574,2.5078068,312000.94,17.430706,0,,,,,21.83958682465471,8.022258E-5,176.61918337562804,9.357149E-5,0.0014484436,9.568748E-4
125.03494598457473,0.0014022646,788,301036.12,16.605232,5117.6997,2.5078077,312024.34,17.423151,0,,,,,21.839443029839476,8.022018E-5,176.6190711364956,9.356872E-5,7.7544764E-4,5.619629E-4
125.05538072428317,0.0014033043,789,301098.12,16.605389,5106.575,2.507809,312076.53,17.445574,0,,,,,21.83965463323253,8.020063E-5,176.61939140300098,9.354451E-5,0.0011026439,8.5021195E-4
125.07581536387443,0.0014043439,790,301157.1,16.605543,5221.3086,2.50781,,,64,,,,,21.839182260979623,8.018662E-5,176.6194297141565,9.352434E-5,,
125.09625000345841,0.0014053835,791,301129.56,16.605698,5113.424,2.507811,312123.0,17.42594,0,,,,,21.83925108737888,8.0193066E-5,176.61939649682824,9.353271E-5,6.5067987E-4,6.678156E-4
125.11668464293325,0.0014064229,792,301157.28,16.605852,5110.445,2.5078123,312128.62,17.42587,0,,,,,21.839157866920715,8.0191094E-5,176.6193718315226,9.352998E-5,7.627227E-4,9.761475E-4
125.13711928229168,0.0014074623,793,301145.4,16.606009,5105.9316,2.5078135,312142.62,17.41601,0,,,,,21.83933937750082,8.01896E-5,176.61879688140016,9.353502E-5,5.825905E-4,-1.5425686E-4
125.15755392164283,0.0014085016,794,301113.1,16.606165,5109.789,2.5078144,312087.66,17.429337,0,,,,,21.83939346711631,8.020147E-5,176.61901669293763,9.3547234E-5,9.675449E-4,3.6724695E-4
125.17798846088408,0.0014095409,795,301091.06,16.60632,5106.7266,2.5078154,312082.12,17.393852,0,,,,,21.839057315943204,8.02033E-5,176.6191993584581,9.35452E-5,4.5510542E-4,5.4901745E-4
125.19842320012685,0.0014105801,796,301065.9,16.606474,5105.238,2.5078168,312053.34,17.431402,0,,,,,21.838844418901544,8.0213664E-5,176.61906565421657,9.3556984E-5,2.5482054E-4,2.8002475E-4
125.21885783912876,0.0014116191,797,301107.6,16.606628,5118.6196,2.5078177,312095.06,17.37067,0,,,,,21.839105129840263,8.020649E-5,176.61920188870087,9.3549315E-5,6.9193495E-4,6.948415E-4
125.2392923782536,0.0014126583,798,301083.53,16.606785,5117.1655,2.5078187,312082.1,17.424377,0,,,,,21.83907081337592,8.02147E-5,176.61877039905755,9.35627E-5,3.6647508E-4,5.657233E-5
125.25972711714712,0.0014136971,799,301099.38,16.60694,5106.1846,2.50782,312091.16,17.379017,0,,,,,21.83928707497963,8.020678E-5,176.61904857319462,9.355252E-5,5.7767023E-4,2.8216137E-4
125.28016175603261,0.001414736,800,301043.12,16.607094,5101.9443,2.5078208,312030.3,17.450533,0,,,,,21.838912576342864,8.0223304E-5,176.61882197844815,9.357115E-5,3.4118097E-4,1.624597E-5
125.3005962948082,0.0014157748,801,301087.44,16.607248,5102.522,2.507822,312085.0,17.408224,0,,,,,21.83897077234948,8.020964E-5,176.61877913619577,9.355608E-5,3.921828E-4,-5.5899916E-5
125.32103093346814,0.0014168135,802,301081.4,16.607405,5112.4907,2.507823,312072.97,17.387276,0,,,,,21.838814904588464,8.0217105E-5,176.618772646051,9.356373E-5,2.946729E-4,1.04225386E-4
125.34146567212156,0.0014178521,803,301133.9,16.60756,5102.857,2.507824,312134.34,17.400225,0,,,,,21.838750454417394,8.020152E-5,176.61850255121647,9.3547635E-5,-1.1052112E-5,-4.025078E-4
125.36190021066432,0.0014188907,804,301113.94,16.607716,5098.4604,2.5078251,312107.4,17.387936,0,,,,,21.83886742095754,8.020949E-5,176.61874874585703,9.355552E-5,2.7096458E-4,-7.66293E-5
125.38233484920784,0.0014199292,805,301108.84,16.60787,5109.7773,2.507826,312110.62,17.373814,0,,,,,21.83853445937534,8.0212136E-5,176.6187460667066,9.355619E-5,0.0,0.0
125.40276958751201,0.0014209675,806,301130.6,16.608025,5109.454,2.5078273,312134.16,17.3975,0,,,,,21.838700241768983,8.020586E-5,176.6188693615212,9.354899E-5,-3.711312E-5,-2.2780719E-4
125.42320422593912,0.0014220059,807,301094.4,16.60818,5106.6797,2.5078282,312091.56,17.369028,0,,,,,21.83871838547097,8.021468E-5,176.61868255649304,9.35612E-5,3.0807474E-5,-1.3108265E-4
125.44363876413263,0.0014230441,808,301106.62,16.608335,5099.351,2.5078292,312103.88,17.381048,0,,,,,21.83913509505911,8.020566E-5,176.61885267582016,9.355221E-5,3.159137E-4,-1.4951453E-4
125.46407340231963,0.0014240823,809,301112.3,16.608652,5101.849,2.5078285,312122.84,17.375017,0,,,,,21.83876232511834,8.020402E-5,176.61878667315978,9.354833E-5,-2.0790697E-4,-4.5761187E-4
125.48450814039825,0.0014251204,810,301098.78,16.608967,5100.6763,2.5078275,312090.47,17.37139,0,,,,,21.83866495643747,8.021823E-5,176.61880733978091,9.356418E-5,-2.6323696E-5,-1.3928865E-4
125.50494267847535,0.0014261585,811,301105.5,16.609283,5105.128,2.5078266,312111.2,17.414928,0,,,,,21.838862239530975,8.020743E-5,176.6185486741636,9.355565E-5,-2.0004272E-4,-8.3334977E-4
125.5253773163131,0.0014271963,812,301031.25,16.6096,5105.9565,2.5078256,312029.66,17.402023,0,,,,,21.838586505368795,8.023797E-5,176.6183187169126,9.359157E-5,-3.0177113E-4,-8.230125E-4
125.54581205415889,0.0014282342,813,301115.1,16.609915,5104.291,2.507825,312115.8,17.392038,0,,,,,21.838743262564247,8.021848E-5,176.6188157565414,9.3565526E-5,2.1096484E-5,-2.21515E-4
125.56624659200315,0.001429272,814,301048.7,16.610233,5102.736,2.507824,312067.88,17.408575,0,,,,,21.838117318323327,8.0235455E-5,176.61853431358156,9.3583476E-5,-8.3761924E-4,-8.6022477E-4
125.58668122960808,0.0014303096,815,301061.75,16.610548,5104.336,2.5078232,312044.03,17.38227,0,,,,,21.838659104521135,8.0231606E-5,176.61873929666936,9.358129E-5,-1.5684257E-4,-2.48081E-4
125.60711586722027,0.0014313472,816,301021.3,16.610865,5104.1743,2.5078223,312032.47,17.419865,0,,,,,21.83820000808356,8.024131E-5,176.61841939569862,9.359237E-5,-7.340547E-4,-8.3832646E-4
125.62755050483247,0.0014323848,817,301087.3,16.611181,5097.5176,2.5078213,312098.94,17.357843,0,,,,,21.838428258157567,8.0227735E-5,176.61841993963122,9.357841E-5,-6.43998E-4,-7.0721516E-4
125.64798524220532,0.0014334222,818,301122.66,16.611498,5118.589,2.5078204,312133.62,17.407173,0,,,,,21.83839889744624,8.02273E-5,176.6187774021271,9.357453E-5,-3.9469014E-4,-2.437067E-4
125.66841977958393,0.0014344596,819,301129.94,16.611813,5101.2026,2.5078194,312162.56,17.382896,0,,,,,21.838357183776772,8.0217076E-5,176.61822875211357,9.356761E-5,-7.378545E-4,-0.001052932
125.68885451684764,0.0014354968,820,301224.53,16.61213,5109.267,2.5078185,312230.53,17.37985,0,,,,,21.83937809426358,8.0197584E-5,176.61836718765994,9.3551345E-5,6.868584E-4,-5.1913486E-4
125.70928915410332,0.0014365341,821,301272.3,16.612446,5107.541,2.5078175,312310.62,17.396454,0,,,,,21.838959508842237,8.017808E-5,176.61820050283467,9.3527226E-5,-2.4230433E-4,-0.0013845285
125.72972369124909,0.0014375712,822,301342.25,16.612762,5096.1772,2.5078168,312385.0,17.341225,0,,,,,21.83930431983356,8.015887E-5,176.6185454282222,9.350434E-5,3.1744514E-4,-6.901209E-4
125.75015832827921,0.0014386083,823,301365.16,16.61308,5091.295,2.5078156,312396.3,17.382566,0,,,,,21.839462725490577,8.0155536E-5,176.61845034769638,9.350269E-5,4.1109364E-4,-6.772493E-4
125.77059306530282,0.0014396453,824,301339.62,16.613394,5102.4214,2.5078146,312388.38,17.39138,128,,,,,21.83895065162593,8.016345E-5,176.61827128251457,9.350999E-5,-4.245667E-4,-0.0013431363
125.79102760209935,0.0014406821,825,301400.47,16.61371,5089.8496,2.507814,312427.53,17.409971,0,,,,,21.8391747978433,8.015224E-5,176.6183665609658,9.349787E-5,7.960673E-5,-7.354062E-4
125.81146223889664,0.0014417189,826,301426.78,16.614027,5105.523,2.5078127,312481.25,17.397038,0,,,,,21.838551257273377,8.014764E-5,176.6178955025235,9.349246E-5,-6.0803606E-4,-0.0013501095
125.83189697568741,0.0014427557,827,301480.66,16.614342,5098.698,2.5078118,312523.0,17.431808,8192,,,,,21.838867164869463,8.01381E-5,176.61835469718835,9.347957E-5,-2.9710855E-4,-0.0010177533
125.85233151236753,0.0014437924,828,301520.12,16.614658,5101.212,2.5078108,312564.16,17.402885,0,,,,,21.838983955306418,8.01263E-5,176.61853701307126,9.3465154E-5,2.1504116E-5,-6.531334E-4
125.87276614893199,0.0014448289,829,301538.66,16.614975,5095.7876,2.5078099,312607.06,17.409649,0,,,,,21.838667391572763,8.011859E-5,176.6182107551768,9.345704E-5,-6.8388757E-4,-0.0014641503
125.89320078537276,0.0014458654,830,301589.03,16.615292,5099.454,2.507809,312635.34,17.440779,0,,,,,21.83895771649337,8.010538E-5,176.61812058718553,9.344481E-5,-1.6083533E-4,-0.001320519
125.9136354218208,0.0014469018,831,301484.84,16.615608,5097.618,2.5078077,312545.34,17.384148,0,,,,,21.838461723523373,8.013904E-5,176.61786470473547,9.348298E-5,-8.2123384E-4,-0.0017012395
125.93407005815243,0.0014479381,832,301466.97,16.615923,5094.5864,2.507807,312521.22,17.386587,0,,,,,21.838747474206006,8.01403E-5,176.6181364484246,9.348421E-5,-4.7134206E-4,-0.0013807375
125.95450469436037,0.0014489744,833,301474.22,16.615602,5090.693,2.5078049,312523.44,17.37646,0,,,,,21.83865249381558,8.014019E-5,176.6181126693284,9.348327E-5,-6.7252957E-4,-0.0014859337
125.97493943045993,0.0014500105,834,301368.62,16.61528,5092.0044,2.507803,312429.97,17.410095,0,,,,,21.838197559203433,8.017231E-5,176.6176344740598,9.35215E-5,-0.0012670561,-0.0021448163
125.99537396655796,0.0014510466,835,301364.3,16.61496,5094.895,2.507801,312410.66,17.406624,0,,,,,21.838084364937053,8.017711E-5,176.61755576417744,9.352667E-5,-0.001019681,-0.0019469431
126.01580860253307,0.0014520825,836,301293.28,16.614637,5089.666,2.5077991,312346.75,17.424149,0,,,,,21.837964246575492,8.019283E-5,176.6176654065667,9.354277E-5,-0.001459112,-0.0021014295
126.03624313851469,0.0014531185,837,301212.34,16.614315,5083.221,2.5077972,312253.06,17.432362,0,,,,,21.837982649024678,8.020479E-5,176.61758419526967,9.3557275E-5,-0.001512322,-0.002523644
126.056677874265,0.0014541543,838,301122.44,16.613995,5093.422,2.507795,312149.38,17.431412,0,,,,,21.837562716258255,8.024333E-5,176.61720087829622,9.360237E-5,-0.0018098584,-0.002675147
126.07711251000728,0.00145519,839,301084.53,16.613672,5092.326,2.5077932,312119.28,17.413246,0,,,,,21.83729528720924,8.0250946E-5,176.61709332888424,9.360994E-5,-0.0021763453,-0.0029970508
126.09754704575607,0.0014562258,840,301076.75,16.613352,5089.86,2.507791,312109.72,17.371525,0,,,,,21.836844938008756,8.0254074E-5,176.61726102193182,9.360831E-5,-0.0026295637,-0.0028753155
126.11798178127356,0.0014572613,841,301053.44,16.61303,5089.1436,2.5077891,312096.3,17.445509,128,,,,,21.83730665572876,8.025599E-5,176.61741938009985,9.3612194E-5,-0.0024563482,-0.0028268779
126.138416416783,0.0014582968,842,300999.53,16.612707,5105.2275,2.507787,312037.66,17.425484,128,,,,,21.837182830596582,8.027758E-5,176.61693806794096,9.364064E-5,-0.0023621465,-0.003200688
126.15885105218331,0.0014593322,843,301039.3,16.612387,5085.618,2.507785,312070.38,17.393288,0,,,,,21.836978181778704,8.026376E-5,176.61697634037233,9.362229E-5,-0.002725772,-0.003214931
126.17928558758285,0.0014603676,844,301011.5,16.612064,5093.8726,2.507783,312048.53,17.413458,0,,,,,21.83675984390927,8.027591E-5,176.61657624165014,9.363826E-5,-0.0028677909,-0.0034970685
126.19972032286023,0.0014614029,845,301056.44,16.611744,5096.247,2.507781,312094.72,17.414145,0,,,,,21.83698376871576,8.02608E-5,176.6167447377884,9.36204E-5,-0.0027550182,-0.003245993
126.2201549580277,0.001462438,846,301000.97,16.611422,5094.3584,2.507779,312044.28,17.391333,0,,,,,21.836405912618485,8.028011E-5,176.61670380151799,9.3638635E-5,-0.002943153,-0.0033352117
126.240589493078,0.0014634731,847,300985.84,16.6111,5087.141,2.507777,312027.25,17.38122,0,,,,,21.837009979670746,8.027616E-5,176.616713462792,9.3638155E-5,-0.0026302056,-0.00350892
126.26102422812255,0.0014645081,848,,,,,,,36,,,,,,,,,,
126.2814588630572,0.001465543,849,300951.62,16.610456,5090.9365,2.507773,311997.72,17.445911,0,,,,,21.83801813561636,8.027359E-5,176.61679424219204,9.364129E-5,-0.0020275393,-0.003738327
126.30189339787466,0.0014665779,850,300963.56,16.610134,5092.809,2.5077708,312005.8,17.413103,8192,,,,,21.838070501660187,8.0271944E-5,176.61668728165185,9.364044E-5,-0.0017213225,-0.0038334148
126.3223280325692,0.0014676126,851,300985.4,16.609814,5094.5103,2.5077686,312034.6,17.460262,8192,,,,,21.838353439989177,8.027035E-5,176.6168336294922,9.363899E-5,-0.0014423562,-0.0035124563
126.34276276727178,0.0014686473,852,300958.2,16.609491,5093.838,2.5077665,312008.53,17.443459,0,,,,,21.83850667898647,8.0272046E-5,176.61686134327658,9.364152E-5,-0.0014123669,-0.0033781428
126.36319730185642,0.0014696819,853,300988.66,16.609169,5098.8604,2.5077643,312043.03,17.442043,0,,,,,21.838683185043116,8.0265214E-5,176.61662036550234,9.3636794E-5,-0.0012929405,-0.003844035
126.38363193631812,0.0014707163,854,300986.84,16.608849,5103.3286,2.5077622,312051.53,17.440876,0,,,,,21.83863020099786,8.026285E-5,176.6164256215694,9.363514E-5,-0.001402001,-0.0042550894
126.40406667078787,0.0014717508,855,301003.72,16.608526,5091.1924,2.5077603,312071.88,17.47004,0,,,,,21.838583961399856,8.0256636E-5,176.6162540704431,9.362883E-5,-0.0015006185,-0.004497205
126.42450130514044,0.0014727851,856,301051.88,16.608204,5092.974,2.5077581,312120.16,17.46085,0,,,,,21.838361682583418,8.024748E-5,176.61659399945512,9.361299E-5,-0.0015784223,-0.004206336
126.44493583936855,0.0014738194,857,301057.6,16.608065,5104.787,2.5077662,312132.22,17.465618,0,,,,,21.837942741687787,8.025259E-5,176.61612907238924,9.361995E-5,-0.0018942405,-0.00428013
126.46537047348829,0.0014748535,858,301090.22,16.607922,5103.391,2.5077746,312161.28,17.443436,0,,,,,21.838272289796166,8.0243306E-5,176.61621040218614,9.361058E-5,-0.0018705768,-0.0045786207
126.48580520760879,0.0014758876,859,301076.97,16.607782,5095.9287,2.507783,312153.78,17.460474,0,,,,,21.838112250529594,8.0240716E-5,176.6161711818297,9.360649E-5,-0.0019008769,-0.004552806
126.50623974160408,0.0014769216,860,301126.66,16.60764,5097.619,2.507791,312208.2,17.441227,0,,,,,21.838250307505216,8.0229336E-5,176.61608689145845,9.3594805E-5,-0.0018681361,-0.0049275765
126.52667437549098,0.0014779555,861,301124.94,16.6075,5104.1387,2.5077991,312206.22,17.46747,0,,,,,21.837386029618756,8.024174E-5,176.61608861784833,9.3602575E-5,-0.002482694,-0.004467717
126.54710890937713,0.0014789894,862,301176.4,16.607357,5092.2285,2.5078073,312265.88,17.439444,0,,,,,21.83801877057146,8.021525E-5,176.61632321597315,9.3573966E-5,-0.0024358686,-0.0047368687
126.56754364314111,0.0014800231,863,301196.22,16.607216,5101.03,2.5078156,312292.97,17.47801,0,,,,,21.837989718328505,8.02183E-5,176.6161139859835,9.357903E-5,-0.0023307116,-0.0048221997
126.58797827679518,0.0014810568,864,301236.47,16.607077,5098.196,2.5078237,312328.5,17.441051,0,,,,,21.83785424897433,8.0211335E-5,176.6158541445588,9.35721E-5,-0.0022614342,-0.0050085704
126.60841291033285,0.0014820903,865,301238.62,16.606934,5103.456,2.507832,312350.44,17.451408,0,,,,,21.838289617414343,8.020508E-5,176.6160087320726,9.356636E-5,-0.0022716303,-0.005175875
126.62884754386323,0.0014831239,866,301232.7,16.606794,5107.531,2.5078402,312334.56,17.438147,0,,,,,21.83806915422715,8.020777E-5,176.6156761161865,9.357074E-5,-0.0022026103,-0.0052070543
126.64928217728448,0.0014841573,867,301221.72,16.606651,5111.7983,2.5078483,312328.72,17.46535,0,,,,,21.838084762760438,8.0218546E-5,176.61552139476737,9.3584655E-5,-0.0023082222,-0.005522668
126.6697168105893,0.0014851906,868,301217.44,16.60651,5117.1523,2.5078564,312321.16,17.385109,0,,,,,21.838424326566937,8.0216654E-5,176.61497152224646,9.358989E-5,-0.001866981,-0.0062181624
126.69015134377696,0.0014862238,869,301225.0,16.606369,5104.6465,2.5078645,312327.2,17.436813,0,,,,,21.838401094868235,8.021375E-5,176.61529206875755,9.358309E-5,-0.0019020302,-0.0059771514
126.71058607695886,0.001487257,870,301259.75,16.606228,5107.4194,2.5078726,312376.28,17.410204,0,,,,,21.838157140999506,8.020345E-5,176.61549059971225,9.3567156E-5,-0.0024995266,-0.005970897
126.73102071003086,0.00148829,871,301250.28,16.606087,5117.213,2.5078807,312363.7,17.445375,0,,,,,21.83811579883921,8.020783E-5,176.6156281450267,9.357044E-5,-0.0021357816,-0.005598172
126.75145524297841,0.001489323,872,301267.7,16.605946,5105.432,2.5078888,312384.66,17.451963,0,,,,,21.838200333425878,8.02057E-5,176.61550147097748,9.356953E-5,-0.0023191003,-0.00591904
126.77188997581834,0.0014903558,873,301254.97,16.605804,5105.1777,2.507897,312375.97,17.47039,0,,,,,21.838124081176645,8.0207625E-5,176.6151977514429,9.357382E-5,-0.0022964843,-0.0062374305
126.79232460865751,0.0014913887,874,301217.47,16.605663,5109.358,2.5079048,312324.16,17.42687,0,,,,,21.838705975140094,8.021969E-5,176.61485682155853,9.359518E-5,-0.0019229662,-0.006340172
126.8127591413795,0.0014924214,875,301211.16,16.60552,5111.2026,2.5079129,312334.3,17.454832,0,,,,,21.838495385818447,8.021675E-5,176.61506206806416,9.358802E-5,-0.00219053,-0.0065355143
126.83319377397856,0.001493454,876,301173.4,16.605381,5109.785,2.507921,312291.25,17.453955,0,,,,,21.83848577826399,8.023123E-5,176.6155244286603,9.360028E-5,-0.002122669,-0.0062422147
126.85362850658566,0.0014944866,877,301108.0,16.60524,5100.956,2.507929,312219.84,17.432175,0,,,,,21.838373308826835,8.02497E-5,176.61519564203013,9.362384E-5,-0.0022531648,-0.0064940997
126.87406303906755,0.0014955191,878,301046.94,16.605099,5108.7344,2.507937,312163.97,17.421637,0,,,,,21.838074155350057,8.026889E-5,176.61474543821615,9.364799E-5,-0.0025313832,-0.006660176
126.89449767144106,0.0014965514,879,301018.34,16.604958,5109.303,2.507945,312121.9,17.44271,0,,,,,21.83839514206716,8.0275466E-5,176.61498759398899,9.3655544E-5,-0.002245067,-0.006433327
126.91493240369891,0.0014975837,880,300948.44,16.604816,5098.014,2.5079532,312067.12,17.432348,0,,,,,21.838399225774623,8.029067E-5,176.6150195575319,9.367278E-5,-0.0024959473,-0.0067808097
126.93536703583231,0.0014986158,881,300923.2,16.605019,5100.3413,2.5079458,312031.12,17.4373,0,,,,,21.83845011584298,8.030343E-5,176.6148844756217,9.36869E-5,-0.0022563548,-0.00666096
126.95580156797223,0.001499648,882,300921.44,16.605223,5103.318,2.5079384,312033.0,17.42272,0,,,,,21.838979935970507,8.029856E-5,176.61519777462442,9.367982E-5,-0.002016211,-0.0068495506
126.97623619999649,0.00150068,883,300875.12,16.605423,5102.0537,2.5079312,311989.97,17.433811,0,,,,,21.838417305915918,8.032317E-5,176.61456295327753,9.37079E-5,-0.0023776216,-0.007076862
126.99667093201424,0.001501712,884,300895.47,16.605627,5097.636,2.5079238,311989.44,17.394897,0,,,,,21.838299119236748,8.031391E-5,176.61485432694133,9.369108E-5,-0.0024132496,-0.0067992816
127.01710556380567,0.0015027438,885,300866.75,16.60583,5104.798,2.5079165,311978.78,17.422207,0,,,,,21.83822143499795,8.0326645E-5,176.6146229447329,9.370512E-5,-0.0025867615,-0.0070025846
127.03754009559634,0.0015037756,886,300868.6,16.606033,5099.6167,2.507909,311972.4,17.404158,0,,,,,21.83777437751431,8.033125E-5,176.61447309042,9.370616E-5,-0.0028684721,-0.007194243
127.05797482726484,0.0015048073,887,300856.97,16.606236,5107.3535,2.5079017,311963.47,17.43212,0,,,,,21.838310903938883,8.033353E-5,176.61491318827223,9.370628E-5,-0.0026257802,-0.006700711
127.07840945882344,0.0015058388,888,300820.06,16.60644,5114.7207,2.5078943,311936.5,17.43526,0,,,,,21.837882923246404,8.034566E-5,176.61454091863845,9.371833E-5,-0.0028891703,-0.007195972
127.09884399038128,0.0015068704,889,300845.5,16.606642,5108.893,2.507887,311945.1,17.398579,0,,,,,21.83872540125102,8.034407E-5,176.61476526839235,9.371825E-5,-0.002145915,-0.006814387
127.11927862169978,0.0015079017,890,300836.0,16.606844,5092.899,2.5078795,311944.0,17.392445,0,,,,,21.838309786116202,8.033873E-5,176.61460146726483,9.370806E-5,-0.002622844,-0.007233625
127.13971335302631,0.001508933,891,300832.75,16.607048,5105.324,2.5078719,311949.25,17.438831,0,,,,,21.83825325199257,8.034853E-5,176.6147506516761,9.371526E-5,-0.0025496895,-0.0069428394
127.16014798435208,0.0015099643,892,300877.25,16.60725,5097.9966,2.5078647,311987.84,17.428694,0,,,,,21.838644141322114,8.033905E-5,176.6147796990595,9.370444E-5,-0.0022735773,-0.0068627256
127.18058251543698,0.0015109954,893,300848.16,16.607452,5102.488,2.507857,311970.0,17.43009,0,,,,,21.83832129657781,8.03453E-5,176.61477508134232,9.370697E-5,-0.0026652387,-0.007226415
127.20101724653068,0.0015120265,894,300885.56,16.607655,5102.033,2.5078497,311991.28,17.410648,0,,,,,21.838871993160268,8.0331796E-5,176.6148774255444,9.3691946E-5,-0.0018772578,-0.0068652583
127.2214518775072,0.0015130575,895,300885.94,16.607859,5104.934,2.507842,312011.38,17.40443,0,,,,,21.8391414707592,8.0338E-5,176.61450043269667,9.370233E-5,-0.0018852882,-0.007574291
127.24188640835928,0.0015140884,896,300909.5,16.60806,5101.161,2.5078344,312027.94,17.387068,0,,,,,21.83903751464025,8.032281E-5,176.61470722676455,9.367949E-5,-0.0019909488,-0.0074342135
127.26232103921939,0.0015151192,897,300946.12,16.608265,5104.5093,2.5078268,312059.4,17.409374,0,,,,,21.838940706784253,8.032792E-5,176.61453505164025,9.368394E-5,-0.0016435116,-0.0072796815
127.28275576984743,0.0015161498,898,300960.47,16.608467,5099.615,2.5078192,312090.22,17.424355,0,,,,,21.838955024378002,8.032422E-5,176.61422973888517,9.368021E-5,-0.0021526117,-0.007936268
127.30319030046667,0.0015171805,899,300985.6,16.60867,5104.037,2.5078118,312096.72,17.402401,0,,,,,21.838406170903554,8.0326994E-5,176.61436507810782,9.3675684E-5,-0.0023692665,-0.0074393065
127.32362493097753,0.001518211,900,301033.53,16.608873,5098.8853,2.5078042,312166.1,17.426418,0,,,,,21.83839732837687,8.03127E-5,176.6143097685469,9.3657065E-5,-0.0025615855,-0.007756897
127.34405966148915,0.0015192415,901,301033.3,16.609074,5162.993,2.5077963,312166.22,17.424791,0,,,,,21.838676775413795,8.030994E-5,176.61445120956594,9.365219E-5,-0.0024433446,-0.007806398
127.36449419187556,0.0015202719,902,301122.88,16.609278,5093.9736,2.5077887,312252.84,17.399796,0,,,,,21.838796727186782,8.0291975E-5,176.61461643476102,9.362819E-5,-0.0021319778,-0.0074335593
127.38492882203718,0.001521302,903,301099.25,16.60948,5098.0703,2.507781,312231.6,17.402275,0,,,,,21.83840907880824,8.030291E-5,176.61428266551104,9.363879E-5,-0.0024913102,-0.0077164494
127.4053634521988,0.0015223322,904,301159.72,16.609684,5106.5864,2.5077734,312293.75,17.434725,0,,,,,21.83835312539242,8.028746E-5,176.61462478264065,9.361473E-5,-0.002605674,-0.0072160494
127.42579808235314,0.0015233624,905,301194.16,16.609516,5089.768,2.5077717,312335.9,17.37468,128,,,,,21.838723738907913,8.0269325E-5,176.61453154403338,9.359967E-5,-0.002337392,-0.007588177
127.44623271228193,0.0015243923,906,301212.97,16.609348,5093.146,2.5077696,312358.47,17.366957,8192,,,,,21.838735806913927,8.02694E-5,176.61422359212767,9.360519E-5,-0.0021443102,-0.0077897096
127.46666734221071,0.0015254222,907,301244.22,16.60918,5089.4873,2.507768,312382.56,17.398542,0,,,,,21.838870783981072,8.02579E-5,176.614467119386,9.3592935E-5,-0.0021933026,-0.0078174835
127.48710207201657,0.001526452,908,301228.56,16.609013,5091.96,2.507766,312377.53,17.352741,0,,,,,21.838997171332778,8.025665E-5,176.6138976975647,9.360021E-5,-0.0020985964,-0.008284575
127.50753660171176,0.0015274817,909,301269.75,16.608845,5099.3364,2.5077639,312406.3,17.401772,128,,,,,21.83871352756134,8.024717E-5,176.61427385131742,9.3585964E-5,-0.0023131045,-0.0076446673
127.52797123140772,0.0015285114,910,301233.34,16.608677,5097.63,2.507762,312374.0,17.405296,0,,,,,21.838680149387812,8.025776E-5,176.61394281787196,9.360362E-5,-0.0022465903,-0.007979516
127.54840576087008,0.0015295409,911,301265.78,16.60851,5097.5835,2.50776,312417.9,17.399324,0,,,,,21.838607462824413,8.0246165E-5,176.6142146792967,9.358945E-5,-0.0025068694,-0.007953367
127.56884049032669,0.0015305703,912,301293.06,16.608341,5095.236,2.5077581,312434.88,17.417309,0,,,,,21.8384665985921,8.0239784E-5,176.61433188651682,9.358231E-5,-0.0024310513,-0.0076206177
127.58927511978982,0.0015315998,913,301295.47,16.608173,5098.1616,2.5077562,312455.9,17.406717,0,,,,,21.838551202978497,8.0232974E-5,176.6140695233837,9.35799E-5,-0.0026647958,-0.008193224
127.60970974901284,0.001532629,914,301288.94,16.608006,5188.1255,2.507754,,,64,,,,,21.838547918783348,8.023814E-5,176.6137911843694,9.3590956E-5,,
127.63014437824313,0.0015336582,915,301311.97,16.607838,5099.7095,2.5077522,,,64,,,,,21.838629637149566,8.022287E-5,176.61405225663913,9.357374E-5,,
127.6505790072406,0.0015346872,916,301245.34,16.60767,5086.483,2.50775,312394.22,17.399115,8192,,,,,21.838698102775922,8.023116E-5,176.6145776888457,9.358145E-5,-0.0027536443,-0.0077655725
127.67101363623078,0.0015357162,917,301209.78,16.607502,5089.107,2.5077481,312358.7,17.41743,0,,,,,21.838011868579386,8.025076E-5,176.61441227300412,9.360321E-5,-0.0030343533,-0.0077660866
127.69144816522748,0.0015367452,918,301171.06,16.607334,5095.059,2.507746,312323.8,17.419565,0,,,,,21.837908831527763,8.026567E-5,176.6140759327618,9.362545E-5,-0.0031880941,-0.008138422
127.71188289399288,0.001537774,919,301173.78,16.607166,5096.254,2.507744,312320.3,17.390532,0,,,,,21.838182801262576,8.025748E-5,176.61407566680157,9.362037E-5,-0.0030338347,-0.0081377635
127.73231752275024,0.0015388028,920,301194.4,16.606998,5093.0127,2.507742,312352.2,17.43057,0,,,,,21.837854873710363,8.025537E-5,176.61424318314317,9.3616356E-5,-0.0033128313,-0.008015928
127.75275205139769,0.0015398314,921,301194.53,16.60683,5097.375,2.5077398,312344.6,17.424805,0,,,,,21.83773994781247,8.0253354E-5,176.6138943344185,9.3618866E-5,-0.0036348288,-0.008427295
127.7731866799295,0.0015408599,922,301180.62,16.60666,5091.317,2.5077376,312331.88,17.384787,0,,,,,21.83710704208322,8.02613E-5,176.61365595511404,9.362812E-5,-0.0038726246,-0.008593524
127.79362140833837,0.0015418883,923,301104.7,16.606493,5099.1064,2.5077355,312250.66,17.4078,128,,,,,21.837071045494156,8.027967E-5,176.61393752562478,9.364909E-5,-0.0041246135,-0.008448696
127.814055936753,0.0015429168,924,301106.88,16.606327,5098.3726,2.5077333,312245.75,17.38481,0,,,,,21.83705207292357,8.0279286E-5,176.6135763066793,9.3654344E-5,-0.0041146493,-0.008555244
127.83449056493555,0.0015439449,925,301055.1,16.606157,5100.881,2.507731,312205.8,17.440836,0,,,,,21.837079523262222,8.0289625E-5,176.61371710822704,9.366774E-5,-0.004364064,-0.00881308
127.85492529311159,0.0015449731,926,301088.84,16.60599,5095.453,2.507729,312234.4,17.402164,0,,,,,21.837005983354885,8.027656E-5,176.6139762806224,9.3651965E-5,-0.004385246,-0.008785914
127.87535982117697,0.0015460012,927,300982.12,16.605824,5105.122,2.5077267,312122.56,17.378975,0,,,,,21.837075087671053,8.030487E-5,176.61330741942425,9.3694245E-5,-0.0041501974,-0.009213172
127.89579444924311,0.0015470292,928,300999.9,16.605654,5102.381,2.5077245,312140.12,17.379133,0,,,,,21.83674281510885,8.029754E-5,176.61380203583877,9.368103E-5,-0.0047502737,-0.009130928
127.91622907707642,0.0015480571,929,300983.94,16.605593,5093.744,2.5077262,312112.3,17.375534,0,,,,,21.836651796374763,8.030214E-5,176.6134045838563,9.368895E-5,-0.0046325917,-0.008868451
127.93666370490246,0.0015490849,930,300997.66,16.605532,5098.217,2.5077279,312151.7,17.421389,0,,,,,21.83701920768336,8.029753E-5,176.61319133685396,9.368781E-5,-0.004354228,-0.009400829
127.95709833261935,0.0015501126,931,301021.62,16.605469,5100.195,2.5077295,312163.1,17.392815,0,,,,,21.837094893586663,8.029507E-5,176.61347909593525,9.368231E-5,-0.0040503023,-0.00887201
127.97753296021256,0.0015511402,932,301045.03,16.605408,5099.5347,2.5077312,312195.28,17.426062,0,,,,,21.837215399625983,8.0280915E-5,176.61359897241766,9.366507E-5,-0.0040838397,-0.009079325
127.9979676878138,0.0015521678,933,301118.78,16.605345,5094.152,2.5077329,312279.94,17.39772,0,,,,,21.837178903405995,8.026391E-5,176.61316021896872,9.364859E-5,-0.0043291706,-0.009631782
128.01840221518069,0.0015531952,934,301161.25,16.605284,5105.1626,2.5077348,312303.5,17.355844,0,,,,,21.83794088048359,8.024878E-5,176.61341361539414,9.36337E-5,-0.0035252345,-0.009035023
128.03883684254833,0.0015542225,935,301260.88,16.60522,5109.15,2.5077362,312434.12,17.357395,0,,,,,21.83737804480208,8.022528E-5,176.61300063955295,9.36055E-5,-0.0041425116,-0.009738731
128.05927136979153,0.0015552498,936,301350.1,16.605158,5103.4414,2.5077379,312520.2,17.397068,0,,,,,21.837535114631365,8.020245E-5,176.61329920059984,9.357673E-5,-0.0037429275,-0.009337773
128.0797060969271,0.0015562769,937,301417.97,16.605097,5099.283,2.5077395,312590.56,17.404863,0,,,,,21.837328630909354,8.0183265E-5,176.61336282329603,9.355172E-5,-0.004175645,-0.009160381
128.10014072405465,0.0015573041,938,301445.53,16.605034,5098.9956,2.5077412,312637.72,17.415878,0,,,,,21.836985243769373,8.01785E-5,176.6132557573073,9.354411E-5,-0.0046913824,-0.00971588
128.12057535095664,0.001558331,939,301488.47,16.604973,5110.922,2.507743,312663.75,17.439285,0,,,,,21.83674748125839,8.017193E-5,176.61341399778547,9.353269E-5,-0.004478443,-0.009027903
128.14100997785863,0.0015593579,940,301524.94,16.60491,5098.0215,2.5077443,312726.56,17.442913,0,,,,,21.836870352187333,8.0162645E-5,176.6131995060364,9.352429E-5,-0.004701669,-0.009562268
128.1614446046442,0.0015603846,941,301504.9,16.604849,5097.0054,2.507746,312703.3,17.421684,0,,,,,21.837143804594167,8.0163176E-5,176.6132854815155,9.352565E-5,-0.004464278,-0.009479511
128.18187923130608,0.0015614113,942,301480.9,16.604788,5090.2993,2.5077477,312666.06,17.43797,0,,,,,21.83727149003666,8.016879E-5,176.61343369205386,9.353126E-5,-0.0041226097,-0.009176191
128.20231375797448,0.001562438,943,301437.34,16.604725,5098.8467,2.5077493,312649.5,17.383024,0,,,,,21.8367996905647,8.018535E-5,176.61315003754703,9.3549235E-5,-0.0048685125,-0.009781005
128.2227484844043,0.0015634644,944,301414.75,16.604664,5078.955,2.507751,312595.53,17.451212,0,,,,,21.837347340777704,8.018071E-5,176.61372644060208,9.354199E-5,-0.0041612224,-0.008934084
128.24318311084062,0.0015644908,945,301281.1,16.6046,5089.5967,2.5077524,312476.94,17.39558,0,,,,,21.837060120664404,8.022024E-5,176.61320345715552,9.359038E-5,-0.004389501,-0.00951701
128.26361763715977,0.0015655172,946,301210.8,16.604538,5093.3066,2.507754,312406.88,17.388588,0,,,,,21.836769099697207,8.024431E-5,176.61287599919132,9.361887E-5,-0.0048717884,-0.010094922
128.28405236336403,0.0015665434,947,301162.16,16.604477,5097.28,2.5077555,312327.44,17.420717,0,,,,,21.83735577614731,8.025709E-5,176.61283368260803,9.363805E-5,-0.003996834,-0.0097681815
128.30448698944383,0.0015675694,948,301085.9,16.604414,5087.8867,2.5077572,312280.38,17.362514,0,,,,,21.83720802766851,8.02702E-5,176.6130113588214,9.365008E-5,-0.0045927605,-0.010173367
128.32492151553015,0.0015685955,949,301017.6,16.604351,5092.0605,2.5077586,312184.03,17.410566,0,,,,,21.837273972891083,8.02916E-5,176.6127090448737,9.367789E-5,-0.0042780265,-0.010117477
128.3453562414943,0.0015696215,950,,,,,,,36,,,,,,,,,,
128.36579086734855,0.0015706473,951,300967.94,16.604229,5087.738,2.5077617,312160.5,17.40841,0,,,,,21.836798443490174,8.030413E-5,176.61302025108336,9.368505E-5,-0.0049469206,-0.010004818
128.38622549308639,0.0015716731,952,300920.66,16.604166,5094.1567,2.5077634,312095.5,17.38813,0,,,,,21.837188654382388,8.0315775E-5,176.6133958499305,9.3697505E-5,-0.0044480856,-0.009458216
128.4066601187078,0.0015726987,953,300879.38,16.604795,5094.469,2.507756,312066.06,17.419382,0,,,,,21.83694181130521,8.033555E-5,176.6125355251821,9.372633E-5,-0.004775347,-0.010468586
128.42709474420553,0.0015737242,954,300912.75,16.605423,5093.917,2.5077486,312098.88,17.40817,0,,,,,21.837064925343427,8.032849E-5,176.61250955618127,9.371877E-5,-0.0045996495,-0.010446429
128.44752936971054,0.0015747497,955,300914.78,16.60605,5097.0923,2.5077415,312104.06,17.40223,0,,,,,21.837133081172798,8.032583E-5,176.61292284786052,9.371178E-5,-0.004737214,-0.010031083
128.46796399509185,0.0015757751,956,300990.0,16.60668,5086.8545,2.507734,312189.03,17.450724,0,,,,,21.836677985763487,8.0312435E-5,176.61291093770436,9.3692375E-5,-0.0051596775,-0.010278732
128.48839852036326,0.0015768004,957,301021.2,16.607307,5084.438,2.5077267,312222.94,17.421421,0,,,,,21.836598266187778,8.0304846E-5,176.61289093801426,9.3682625E-5,-0.0051742992,-0.010256946
128.50883324551978,0.0015778255,958,301022.2,16.607937,5156.6016,2.5077193,312227.5,17.435307,0,,,,,21.836321542477627,8.030886E-5,176.6124079540901,9.368929E-5,-0.005508369,-0.0107841315
128.52926787055912,0.0015788506,959,301072.97,16.608564,5076.2515,2.507712,312281.4,17.365614,128,,,,,21.836181730371628,8.0291466E-5,176.61303052778595,9.3661605E-5,-0.0056627383,-0.010040843
128.54970239559043,0.0015798756,960,301113.66,16.609192,5084.0825,2.5077047,312343.1,17.36309,0,,,,,21.836456267169837,8.028625E-5,176.61260051652548,9.366111E-5,-0.005570857,-0.010763346
128.57013712051412,0.0015809005,961,301186.47,16.609821,5088.1187,2.5076973,312404.12,17.412727,0,,,,,21.836370721111585,8.0278005E-5,176.61256275799022,9.365072E-5,-0.0055331485,-0.010625213
128.59057174519694,0.0015819252,962,301266.84,16.610449,5082.723,2.50769,312492.97,17.417068,0,,,,,21.836354167752624,8.025233E-5,176.61259416681662,9.3619856E-5,-0.00558104,-0.01077695
128.61100626988627,0.0015829499,963,301255.25,16.611076,5079.85,2.5076826,312490.44,17.42774,0,,,,,21.836227478813896,8.025408E-5,176.61238353603324,9.362244E-5,-0.0058754613,-0.011194319
128.63144089457637,0.0015839746,964,301307.75,16.611706,5072.464,2.5076752,312532.25,17.442532,0,,,,,21.83620183871834,8.02492E-5,176.61221818994449,9.361762E-5,-0.005565261,-0.010914116
128.6518756190344,0.001584999,965,301252.28,16.612333,5079.274,2.5076678,312500.97,17.362389,0,,,,,21.83587942279982,8.0266465E-5,176.6123397746962,9.363372E-5,-0.006315517,-0.011356007
128.6723102434844,0.0015860235,966,301276.94,16.61296,5086.298,2.5076604,312513.5,17.400167,0,,,,,21.83631266942764,8.026233E-5,176.6126571425413,9.362865E-5,-0.0057882573,-0.010726856
128.69274476770806,0.0015870477,967,301275.72,16.613588,5083.949,2.5076528,312506.28,17.445534,0,,,,,21.83615743369787,8.026547E-5,176.6123956650324,9.363311E-5,-0.005920722,-0.011016768
128.71317949192598,0.0015880719,968,301236.38,16.614218,5085.389,2.5076454,312489.5,17.397964,0,,,,,21.835916061758667,8.027247E-5,176.61237786928552,9.363915E-5,-0.0066115325,-0.011533949
128.733614116034,0.001589096,969,301315.94,16.614845,5074.881,2.507638,312554.7,17.393923,0,,,,,21.836276623184197,8.025988E-5,176.6127111231405,9.362354E-5,-0.0059063686,-0.01062751
128.75404864014126,0.0015901201,970,301232.1,16.615473,5085.2993,2.5076303,312486.34,17.363708,8192,,,,,21.835292672762222,8.028698E-5,176.61243465161996,9.364992E-5,-0.0070003113,-0.011247946
128.77448326401645,0.001591144,971,301284.4,16.6161,5092.1196,2.507623,312541.03,17.346554,0,,,,,21.835334747252773,8.028025E-5,176.61212825423854,9.3644776E-5,-0.006845433,-0.011274844
128.79491798788513,0.0015921679,972,,,,,,,12352,,,,,,,,,,
128.81535251152673,0.0015931915,973,301335.75,16.617357,5172.018,2.507608,312608.38,17.356375,0,,,,,21.83543714636328,8.02672E-5,176.61187042333341,9.363175E-5,-0.0069639394,-0.0118858395
128.8357871351618,0.0015942152,974,301401.16,16.617985,5080.8975,2.5076005,312659.34,17.337362,0,,,,,21.835474209966264,8.025404E-5,176.61238350657192,9.3611365E-5,-0.006683508,-0.010956548
128.85622175868775,0.0015952387,975,301481.38,16.618612,5082.216,2.507593,312750.78,17.345257,0,,,,,21.835376470413465,8.023414E-5,176.61271439921597,9.358383E-5,-0.006847186,-0.010877553
128.8766563822137,0.0015962622,976,301505.4,16.61924,5081.985,2.5075855,312784.03,17.302135,0,,,,,21.83518037966286,8.023051E-5,176.61259257983028,9.35788E-5,-0.007275093,-0.011104736
128.8970910055068,0.0015972855,977,301460.25,16.61897,5074.8276,2.507566,312717.88,17.417446,0,,,,,21.835679920189616,8.0238824E-5,176.61260428812218,9.359272E-5,-0.00657217,-0.011073767
128.91752562879265,0.0015983088,978,301419.4,16.618704,5078.529,2.5075464,312693.56,17.372072,0,,,,,21.835095192859463,8.025566E-5,176.61186654026318,9.3615534E-5,-0.007164144,-0.011898662
128.93796025185293,0.0015993319,979,301403.3,16.618435,5090.606,2.5075269,312673.72,17.367151,0,,,,,21.835196166541007,8.02569E-5,176.6121465191987,9.361572E-5,-0.0071107377,-0.011747669
128.95839487490593,0.0016003549,980,301357.56,16.618168,5082.69,2.5075073,312619.53,17.41703,0,,,,,21.834890948666857,8.0272184E-5,176.61165472957796,9.363651E-5,-0.0073506213,-0.012177891
128.9788294978498,0.0016013779,981,301289.56,16.617899,5080.974,2.5074878,312552.25,17.41503,0,,,,,21.835046717821392,8.028623E-5,176.61175048910331,9.3653776E-5,-0.0072894143,-0.012013968
128.9992640206765,0.0016024007,982,301267.53,16.617632,5074.5195,2.5074685,312533.7,17.367863,0,,,,,21.835171434491034,8.028816E-5,176.61189978483515,9.365618E-5,-0.0073843636,-0.012185789
129.0196987435047,0.0016034235,983,301221.38,16.617363,5079.2646,2.507449,312486.28,17.361746,0,,,,,21.834862127622284,8.030046E-5,176.6118227427027,9.366956E-5,-0.0074783764,-0.012004892
129.04013336609205,0.0016044461,984,301191.62,16.617096,5093.6953,2.5074294,312444.12,17.389711,0,,,,,21.834962731313787,8.0313526E-5,176.6117825563461,9.368654E-5,-0.007201975,-0.011884887
129.0605678886859,0.0016054687,985,301134.75,16.616827,5082.264,2.5074096,312406.84,17.334776,8192,,,,,21.834946430048817,8.032095E-5,176.61144916622956,9.3698836E-5,-0.0074691265,-0.012497503
129.0810026111576,0.0016064912,986,301116.6,16.61656,5088.103,2.50739,312370.56,17.403479,0,,,,,21.835321152617983,8.032368E-5,176.61149159793143,9.3705035E-5,-0.007082713,-0.012455004
129.1014372335194,0.0016075135,987,301047.6,16.616291,5095.599,2.5073705,312301.16,17.388218,0,,,,,21.834938421894442,8.034657E-5,176.61155691242314,9.3728886E-5,-0.007242411,-0.012367782
129.12187185576477,0.0016085358,988,301011.72,16.616024,5077.84,2.507351,312279.66,17.354189,0,,,,,21.83492272965834,8.034802E-5,176.61160700252853,9.37306E-5,-0.007679738,-0.0127641875
129.14230637789296,0.0016095579,989,300970.5,16.615755,5081.898,2.5073311,312210.06,17.363615,0,,,,,21.835408475686485,8.035922E-5,176.61193537184997,9.374483E-5,-0.0068337233,-0.011898911
129.162741099899,0.0016105799,990,300959.5,16.615488,5082.1274,2.5073116,312219.38,17.409822,0,,,,,21.834883620699223,8.036032E-5,176.6111684994151,9.375002E-5,-0.0075296536,-0.012992503
129.18317572191154,0.0016116019,991,300975.34,16.61522,5080.4814,2.507292,312227.16,17.422869,0,,,,,21.834464278373844,8.035952E-5,176.61124229877427,9.3745875E-5,-0.008022454,-0.0128938295
129.2036102438069,0.0016126238,992,301045.3,16.61495,5074.1396,2.5072722,312289.28,17.403942,0,,,,,21.834966728706025,8.033336E-5,176.6116110884637,9.371626E-5,-0.0075674793,-0.012524964
129.2240449655801,0.0016136456,993,301021.4,16.614683,5080.945,2.5072527,312292.0,17.363445,8192,,,,,21.834366389892054,8.034423E-5,176.61138760237878,9.372718E-5,-0.008350826,-0.013030071
129.2444795872434,0.0016146672,994,301098.53,16.614414,5078.7744,2.507233,312345.78,17.407251,0,,,,,21.834705935931034,8.0323305E-5,176.61151900217942,9.3704686E-5,-0.0076301256,-0.012458175
129.26491410878953,0.0016156888,995,301078.97,16.614147,5078.5337,2.5072134,312343.72,17.384846,0,,,,,21.834731071482405,8.032584E-5,176.61130951327524,9.371042E-5,-0.007890721,-0.012931101
129.28534873021272,0.0016167102,996,301106.16,16.613878,5084.81,2.5071936,312376.22,17.350534,0,,,,,21.834629690344844,8.0318656E-5,176.6112411273482,9.370255E-5,-0.008079165,-0.012886751
129.30578345152753,0.0016177315,997,301145.16,16.613611,5083.719,2.507174,312404.72,17.381134,0,,,,,21.834672125692414,8.031123E-5,176.6114353353964,9.369298E-5,-0.007706224,-0.012608872
129.32621797284082,0.0016187528,998,301192.28,16.613342,5070.9717,2.5071542,312468.56,17.388365,0,,,,,21.8343771368846,8.029643E-5,176.61105430748046,9.3677714E-5,-0.008139479,-0.0132362945
129.34665259403118,0.001619774,999,301205.3,16.613075,5075.0903,2.5071344,312471.53,17.403616,0,,,,,21.83477715122966,8.028771E-5,176.6112247376651,9.366954E-5,-0.00789027,-0.012929393
129.36708731511317,0.0016207951,1000,301262.12,16.612806,5068.559,2.5071146,312532.6,17.403534,0,,,,,21.834457141033567,8.027146E-5,176.61140349378738,9.364714E-5,-0.008259052,-0.013015035
129.3875218359608,0.001621816,1001,301295.66,16.612917,5074.2324,2.507115,312573.72,17.351374,0,,,,,21.834047846277127,8.026567E-5,176.61141542142957,9.363728E-5,-0.008620929,-0.013151465
129.4079564568019,0.0016228368,1002,301276.3,16.61303,5084.56,2.5071151,312553.06,17.385393,0,,,,,21.833520007978304,8.0279024E-5,176.61093905565602,9.365343E-5,-0.009151824,-0.013432712
129.4283910776503,0.0016238576,1003,301338.94,16.61314,5078.4556,2.5071151,312613.75,17.401999,0,,,,,21.83389720244955,8.0255115E-5,176.61092276923677,9.362859E-5,-0.008719219,-0.013591256
129.44882579825935,0.0016248783,1004,301370.1,16.61325,5071.2837,2.5071154,312634.84,17.362461,0,,,,,21.833403845486046,8.0251055E-5,176.61093029752925,9.362013E-5,-0.009384155,-0.013657604
129.46926031887415,0.0016258989,1005,301366.5,16.613361,5074.178,2.5071154,312653.53,17.330917,0,,,,,21.833060904984464,8.025259E-5,176.61047101972167,9.362372E-5,-0.009845499,-0.014211823
129.48969493925688,0.0016269193,1006,301421.78,16.613474,5070.3037,2.5071156,312688.16,17.35277,0,,,,,21.83328189105434,8.024137E-5,176.61055200027738,9.36116E-5,-0.009418374,-0.0137797985
129.51012965964037,0.0016279396,1007,301348.4,16.613586,5083.602,2.5071156,312629.16,17.3304,0,,,,,21.833568898728323,8.025934E-5,176.61055314425872,9.363478E-5,-0.009195447,-0.013830686
129.53056417989865,0.0016289599,1008,301341.8,16.613697,5078.0737,2.5071156,312631.44,17.342882,0,,,,,21.833277553219574,8.026426E-5,176.61053153837742,9.363858E-5,-0.009396129,-0.0140152825
129.55099880004855,0.00162998,1009,301357.8,16.613808,5066.75,2.5071156,312617.7,17.324158,0,,,,,21.83386919807066,8.0251564E-5,176.61084164417818,9.362537E-5,-0.008850312,-0.013709753
129.57143342008203,0.0016310001,1010,301275.56,16.613918,5075.2036,2.5071156,312557.28,17.363407,0,,,,,21.83331862631125,8.02811E-5,176.6100919073742,9.3662784E-5,-0.009407278,-0.014777316
129.59186804010824,0.0016320201,1011,301304.75,16.61403,5080.8223,2.5071156,312570.97,17.32241,0,,,,,21.833471503674673,8.0278645E-5,176.61046232231328,9.365766E-5,-0.009218805,-0.014107258
129.6123026599089,0.0016330399,1012,301334.94,16.614141,5077.336,2.5071156,312604.0,17.363531,8192,,,,,21.833536135968828,8.026615E-5,176.61038143138944,9.364439E-5,-0.009105973,-0.014017242
129.63273727970954,0.0016340597,1013,301284.12,16.614252,5079.556,2.5071156,312570.62,17.36431,0,,,,,21.833850538018442,8.027279E-5,176.6101803855729,9.3656454E-5,-0.009154457,-0.014409197
129.6531718992701,0.0016350793,1014,301296.47,16.614365,5075.0776,2.5071156,312563.2,17.281374,0,,,,,21.83432144849663,8.0267135E-5,176.6104681553248,9.365074E-5,-0.0086559355,-0.014126078
129.67360651883791,0.0016360988,1015,301278.84,16.614475,5080.9316,2.5071156,312558.6,17.34237,0,,,,,21.834411377219343,8.028151E-5,176.60991439148376,9.3673465E-5,-0.008402281,-0.014476095
129.69404113828932,0.0016371183,1016,301265.4,16.614586,5077.863,2.5071156,312539.78,17.360403,0,,,,,21.83434852125753,8.027951E-5,176.61033992546177,9.366672E-5,-0.008476635,-0.0142912455
129.71447575761704,0.0016381376,1017,301328.66,16.614697,5076.7397,2.5071154,312608.25,17.371738,0,,,,,21.835079493359054,8.025595E-5,176.61046590382549,9.364358E-5,-0.007890826,-0.014287698
129.73491037683561,0.0016391568,1018,301319.72,16.614809,5072.6025,2.5071154,312604.53,17.401726,0,,,,,21.83526032902911,8.025892E-5,176.610644785227,9.3646784E-5,-0.007629144,-0.014127269
129.7553449960542,0.001640176,1019,301312.72,16.61492,5075.5347,2.5071151,312595.6,17.362621,0,,,,,21.83489385954502,8.0266815E-5,176.61042636841273,9.365537E-5,-0.008011843,-0.0140890945
129.77577961503266,0.001641195,1020,301309.97,16.61503,5077.3926,2.5071151,312600.1,17.375702,0,,,,,21.835212879933053,8.026232E-5,176.61037247120657,9.365308E-5,-0.00783375,-0.014461438
129.79621433401917,0.001642214,1021,301304.88,16.615143,5076.3594,2.507115,312579.72,17.344175,0,,,,,21.83545381131795,8.026386E-5,176.61015542294476,9.3658775E-5,-0.0074425507,-0.014560702
129.81664885277132,0.0016432328,1022,301324.16,16.615253,5064.1606,2.5071146,312616.4,17.329716,0,,,,,21.835257270389242,8.0257065E-5,176.60994130709577,9.3651455E-5,-0.007848747,-0.015085898
129.83708347151696,0.0016442515,1023,301373.1,16.615366,5080.703,2.5071146,312657.78,17.342138,0,,,,,21.835303195023123,8.0247606E-5,176.6098823139438,9.364138E-5,-0.007682327,-0.014788496
129.85751809015346,0.0016452702,1024,301424.4,16.615477,5073.9863,2.5071144,312695.94,17.21251,0,,,,,21.835622487798027,8.0233774E-5,176.60985196349077,9.3627976E-5,-0.007393095,-0.015017646
129.87795270867355,0.0016462887,1025,301416.2,16.615568,5075.391,2.5071023,312719.47,17.36587,0,,,,,21.83561683406782,8.023297E-5,176.6098075725924,9.362725E-5,-0.0075153955,-0.015399993
129.89838732706994,0.0016473071,1026,301372.25,16.61566,5071.585,2.50709,312656.84,17.32325,0,,,,,21.835881431898496,8.02456E-5,176.6102501680922,9.363965E-5,-0.0070087016,-0.014429749
129.9188219453572,0.0016483254,1027,301327.47,16.615751,5071.79,2.5070777,312615.44,17.301764,0,,,,,21.835774506539003,8.025771E-5,176.6098032900935,9.365702E-5,-0.00732431,-0.015176667
129.93925656364445,0.0016493436,1028,301307.25,16.615845,5075.219,2.5070653,312599.16,17.296488,0,,,,,21.835349572058092,8.027219E-5,176.60951626799925,9.3673276E-5,-0.007823681,-0.015607869
129.9596911816916,0.0016503617,1029,301290.22,16.615936,5068.882,2.5070531,312565.6,17.323048,0,,,,,21.83579497204135,8.027126E-5,176.60998133744397,9.367099E-5,-0.007269952,-0.014714966
129.98012579974602,0.0016513797,1030,301293.5,16.616028,5078.9404,2.5070407,312585.97,17.25531,0,,,,,21.835952959886765,8.026697E-5,176.60942014341424,9.367227E-5,-0.0073858653,-0.015745772
130.00056031756685,0.0016523976,1031,301365.06,16.616121,5069.398,2.5070283,312652.38,17.231081,0,,,,,21.835598381852062,8.025451E-5,176.60970244160836,9.3652285E-5,-0.0075916266,-0.015410428
130.02099503538193,0.0016534154,1032,301418.5,16.616213,5060.2944,2.5070162,312713.72,17.289165,0,,,,,21.835683939860775,8.023467E-5,176.60982840516593,9.362843E-5,-0.007564479,-0.01528914
130.0414296530871,0.0016544331,1033,301461.0,16.616304,5074.462,2.5070038,312757.53,17.258154,0,,,,,21.835945695893145,8.022742E-5,176.60986273748193,9.362144E-5,-0.0073931604,-0.015375977
130.0618641706751,0.0016554507,1034,301500.9,16.616396,5065.466,2.5069914,312805.34,17.263144,0,,,,,21.835325428617924,8.021983E-5,176.60972841905118,9.360905E-5,-0.007774948,-0.015389307
130.08229878814018,0.0016564681,1035,301476.22,16.61649,5069.795,2.5069788,312785.62,17.28127,0,,,,,21.835312489142705,8.022796E-5,176.60927057115936,9.362258E-5,-0.0077494686,-0.01584605
130.10273350549687,0.0016574855,1036,301492.22,16.616581,5067.7046,2.5069666,312778.22,17.24168,0,,,,,21.836188982410288,8.021956E-5,176.60985484486474,9.361367E-5,-0.0067827064,-0.015218163
130.12316802273563,0.0016585027,1037,301479.0,16.616673,5068.363,2.506954,312792.12,17.319353,0,,,,,21.8359844509473,8.022242E-5,176.6097597240801,9.361622E-5,-0.007326373,-0.015428801
130.14360263996787,0.00165952,1038,301495.66,16.616766,5076.1084,2.5069416,312794.06,17.298883,0,,,,,21.836112854907206,8.022294E-5,176.60980193377736,9.361724E-5,-0.007008776,-0.01529397
130.1640373569753,0.001660537,1039,301500.25,16.616856,5078.0645,2.506929,312799.5,17.325666,0,,,,,21.836437659014244,8.0220234E-5,176.6097985988415,9.361636E-5,-0.006852441,-0.015051831
130.184471973982,0.001661554,1040,301470.2,16.61695,5068.6733,2.5069165,312786.7,17.318283,0,,,,,21.836094649929755,8.0229365E-5,176.60945475546723,9.362754E-5,-0.007210198,-0.015801609
130.20490649086423,0.0016625709,1041,301544.56,16.61704,5065.987,2.5069041,312850.75,17.344757,0,,,,,21.836122527772723,8.020946E-5,176.61003901553306,9.359888E-5,-0.0070515494,-0.014977779
130.22534110752167,0.0016635875,1042,301531.16,16.617132,5066.8105,2.5068915,312852.4,17.308182,8192,,,,,21.83606901350594,8.021378E-5,176.60934714718238,9.3609844E-5,-0.0069831386,-0.015890015
130.2457758242963,0.0016646043,1043,301522.22,16.617224,5073.394,2.5068789,312850.25,17.322376,0,,,,,21.83624831224204,8.021628E-5,176.60910453884162,9.361622E-5,-0.0071251416,-0.016194237
